,pclass,survived,gender,age,sibsp,parch,ticket,fare,cabin,embarked,boat,body,home.dest
0,1,1,female,29.0,0,0,24160,$211.34 ,B5,S,2,,"St Louis, MO"
1,1,1,male,0.9167,1,2,113781,$151.55 ,C22 C26,S,11,,"Montreal, PQ / Chesterville, ON"
2,1,0,female,2.0,1,2,113781,$151.55 ,C22 C26,S,,,"Montreal, PQ / Chesterville, ON"
3,1,0,male,30.0,1,2,113781,$151.55 ,C22 C26,S,,135.0,"Montreal, PQ / Chesterville, ON"
4,1,0,female,25.0,1,2,113781,$151.55 ,C22 C26,S,,,"Montreal, PQ / Chesterville, ON"
5,1,1,male,48.0,0,0,19952,$26.55 ,E12,S,3,,"New York, NY"
6,1,1,female,63.0,1,0,13502,$77.96 ,D7,S,10,,"Hudson, NY"
7,1,0,male,39.0,0,0,112050,$0.00 ,A36,S,,,"Belfast, NI"
8,1,1,female,53.0,2,0,11769,$51.48 ,C101,S,D,,"Bayside, Queens, NY"
9,1,0,male,71.0,0,0,PC 17609,$49.50 ,,C,,22.0,"Montevideo, Uruguay"
10,1,0,male,47.0,1,0,PC 17757,$227.53 ,C62 C64,C,,124.0,"New York, NY"
11,1,1,female,18.0,1,0,PC 17757,$227.53 ,C62 C64,C,4,,"New York, NY"
12,1,1,female,24.0,0,0,PC 17477,$69.30 ,B35,C,9,,"Paris, France"
13,1,1,female,26.0,0,0,19877,$78.85 ,,S,6,,
14,1,1,male,80.0,0,0,27042,$30.00 ,A23,S,B,,"Hessle, Yorks"
15,1,0,male,,0,0,PC 17318,$25.93 ,,S,,,"New York, NY"
16,1,0,male,24.0,0,1,PC 17558,$247.52 ,B58 B60,C,,,"Montreal, PQ"
17,1,1,female,50.0,0,1,PC 17558,$247.52 ,B58 B60,C,6,,"Montreal, PQ"
18,1,1,female,32.0,0,0,11813,$76.29 ,D15,C,8,,
19,1,0,male,36.0,0,0,13050,$75.24 ,C6,C,A,,"Winnipeg, MN"
20,1,1,male,37.0,1,1,11751,$52.55 ,D35,S,5,,"New York, NY"
21,1,1,female,47.0,1,1,11751,$52.55 ,D35,S,5,,"New York, NY"
22,1,1,male,26.0,0,0,111369,$30.00 ,C148,C,5,,"New York, NY"
23,1,1,female,42.0,0,0,PC 17757,$227.53 ,,C,4,,
24,1,1,female,29.0,0,0,PC 17483,$221.78 ,C97,S,8,,
25,1,0,male,25.0,0,0,13905,$26.00 ,,C,,148.0,"San Francisco, CA"
26,1,1,male,25.0,1,0,11967,$91.08 ,B49,C,7,,"Dowagiac, MI"
27,1,1,female,19.0,1,0,11967,$91.08 ,B49,C,7,,"Dowagiac, MI"
28,1,1,female,35.0,0,0,PC 17760,$135.63 ,C99,S,8,,
29,1,1,male,28.0,0,0,110564,$26.55 ,C52,S,D,,"Stockholm, Sweden / Washington, DC"
30,1,0,male,45.0,0,0,113784,$35.50 ,T,S,,,"Trenton, NJ"
31,1,1,male,40.0,0,0,112277,$31.00 ,A31,C,7,,"Glen Ridge, NJ"
32,1,1,female,30.0,0,0,36928,$164.87 ,C7,S,8,,"Youngstown, OH"
33,1,1,female,58.0,0,0,113783,$26.55 ,C103,S,8,,"Birkdale, England Cleveland, Ohio"
34,1,0,male,42.0,0,0,110489,$26.55 ,D22,S,,,"London / Winnipeg, MB"
35,1,1,female,45.0,0,0,PC 17608,$262.38 ,,C,4,,"Cooperstown, NY"
36,1,1,female,22.0,0,1,113505,$55.00 ,E33,S,6,,"St Leonards-on-Sea, England Ohio"
37,1,1,male,,0,0,111427,$26.55 ,,S,9,,"Los Angeles, CA"
38,1,0,male,41.0,0,0,113054,$30.50 ,A21,S,,,"Pomeroy, WA"
39,1,0,male,48.0,0,0,PC 17591,$50.50 ,B10,C,,208.0,"Omaha, NE"
40,1,0,male,,0,0,112379,$39.60 ,,C,,,"Philadelphia, PA"
41,1,1,female,44.0,0,0,PC 17610,$27.72 ,B4,C,6,,"Denver, CO"
42,1,1,female,59.0,2,0,11769,$51.48 ,C101,S,D,,"Belmont, MA"
43,1,1,female,60.0,0,0,11813,$76.29 ,D15,C,8,,"Philadelphia, PA"
44,1,1,female,41.0,0,0,16966,$134.50 ,E40,C,3,,
45,1,0,male,45.0,0,0,113050,$26.55 ,B38,S,,,"Washington, DC"
46,1,0,male,,0,0,113798,$31.00 ,,S,,,
47,1,1,male,42.0,0,0,PC 17476,$26.29 ,E24,S,5,,"New York, NY"
48,1,1,female,53.0,0,0,PC 17606,$27.45 ,,C,6,,"Washington, DC"
49,1,1,male,36.0,0,1,PC 17755,$512.33 ,B51 B53 B55,C,3,,"Austria-Hungary / Germantown, Philadelphia, PA"
50,1,1,female,58.0,0,1,PC 17755,$512.33 ,B51 B53 B55,C,3,,"Germantown, Philadelphia, PA"
51,1,0,male,33.0,0,0,695,$5.00 ,B51 B53 B55,S,,,"New York, NY"
52,1,0,male,28.0,0,0,113059,$47.10 ,,S,,,"Montevideo, Uruguay"
53,1,0,male,17.0,0,0,113059,$47.10 ,,S,,,"Montevideo, Uruguay"
54,1,1,male,11.0,1,2,113760,$120.00 ,B96 B98,S,4,,"Bryn Mawr, PA"
55,1,1,female,14.0,1,2,113760,$120.00 ,B96 B98,S,4,,"Bryn Mawr, PA"
56,1,1,male,36.0,1,2,113760,$120.00 ,B96 B98,S,C,,"Bryn Mawr, PA"
57,1,1,female,36.0,1,2,113760,$120.00 ,B96 B98,S,4,,"Bryn Mawr, PA"
58,1,0,male,49.0,0,0,19924,$26.00 ,,S,,,"Ascot, Berkshire / Rochester, NY"
59,1,1,female,,0,0,17770,$27.72 ,,C,5,,"New York, NY"
60,1,0,male,36.0,1,0,19877,$78.85 ,C46,S,,172.0,"Little Onn Hall, Staffs"
61,1,1,female,76.0,1,0,19877,$78.85 ,C46,S,6,,"Little Onn Hall, Staffs"
62,1,0,male,46.0,1,0,W.E.P. 5734,$61.18 ,E31,S,,,"Amenia, ND"
63,1,1,female,47.0,1,0,W.E.P. 5734,$61.18 ,E31,S,4,,"Amenia, ND"
64,1,1,male,27.0,1,0,113806,$53.10 ,E8,S,5,,"New York, NY / Ithaca, NY"
65,1,1,female,33.0,1,0,113806,$53.10 ,E8,S,5,,"New York, NY / Ithaca, NY"
66,1,1,female,36.0,0,0,PC 17608,$262.38 ,B61,C,4,,
67,1,1,female,30.0,0,0,110152,$86.50 ,B77,S,8,,"London, England"
68,1,1,male,45.0,0,0,PC 17594,$29.70 ,A9,C,7,,"Paris, France"
69,1,1,female,,0,1,113505,$55.00 ,E33,S,6,,"St Leonards-on-Sea, England Ohio"
70,1,0,male,,0,0,112051,$0.00 ,,S,,,"Liverpool, England / Belfast"
71,1,0,male,27.0,1,0,13508,$136.78 ,C89,C,,,"Los Angeles, CA"
72,1,1,female,26.0,1,0,13508,$136.78 ,C89,C,4,,"Los Angeles, CA"
73,1,1,female,22.0,0,0,113781,$151.55 ,,S,11,,
74,1,0,male,,0,0,110465,$52.00 ,A14,S,,,"Stoughton, MA"
75,1,0,male,47.0,0,0,5727,$25.59 ,E58,S,,,"Victoria, BC"
76,1,1,female,39.0,1,1,PC 17756,$83.16 ,E49,C,14,,"Lakewood, NJ"
77,1,0,male,37.0,1,1,PC 17756,$83.16 ,E52,C,,,"Lakewood, NJ"
78,1,1,female,64.0,0,2,PC 17756,$83.16 ,E45,C,14,,"Lakewood, NJ"
79,1,1,female,55.0,2,0,11770,$25.70 ,C101,S,2,,"New York, NY"
80,1,0,male,,0,0,113791,$26.55 ,,S,,,"Roachdale, IN"
81,1,0,male,70.0,1,1,WE/P 5735,$71.00 ,B22,S,,269.0,"Milwaukee, WI"
82,1,1,female,36.0,0,2,WE/P 5735,$71.00 ,B22,S,7,,"Milwaukee, WI"
83,1,1,female,64.0,1,1,112901,$26.55 ,B26,S,7,,"Milwaukee, WI"
84,1,0,male,39.0,1,0,PC 17599,$71.28 ,C85,C,,,"New York, NY"
85,1,1,female,38.0,1,0,PC 17599,$71.28 ,C85,C,4,,"New York, NY"
86,1,1,male,51.0,0,0,113055,$26.55 ,E17,S,5 9,,"Lima, Peru"
87,1,1,male,27.0,0,0,113804,$30.50 ,,S,3,,"Philadelphia, PA"
88,1,1,female,33.0,0,0,113781,$151.55 ,,S,8,,
89,1,0,male,31.0,1,0,F.C. 12750,$52.00 ,B71,S,,,"Montreal, PQ"
90,1,1,female,27.0,1,2,F.C. 12750,$52.00 ,B71,S,3,,"Montreal, PQ"
91,1,1,male,31.0,1,0,17474,$57.00 ,B20,S,3,,"Calgary, AB"
92,1,1,female,17.0,1,0,17474,$57.00 ,B20,S,3,,"Calgary, AB"
93,1,1,male,53.0,1,1,33638,$81.86 ,A34,S,13,,"San Francisco, CA"
94,1,1,male,4.0,0,2,33638,$81.86 ,A34,S,5,,"San Francisco, CA"
95,1,1,female,54.0,1,1,33638,$81.86 ,A34,S,5,,"San Francisco, CA"
96,1,0,male,50.0,1,0,PC 17761,$106.43 ,C86,C,,62.0,"Deephaven, MN / Cedar Rapids, IA"
97,1,1,female,27.0,1,1,PC 17558,$247.52 ,B58 B60,C,6,,"Montreal, PQ"
98,1,1,female,48.0,1,0,PC 17761,$106.43 ,C86,C,2,,"Deephaven, MN / Cedar Rapids, IA"
99,1,1,female,48.0,1,0,11755,$39.60 ,A16,C,1,,London / Paris
100,1,1,male,49.0,1,0,PC 17485,$56.93 ,A20,C,1,,London / Paris
101,1,0,male,39.0,0,0,PC 17580,$29.70 ,A18,C,,133.0,"Philadelphia, PA"
102,1,1,female,23.0,0,1,11767,$83.16 ,C54,C,7,,"Mt Airy, Philadelphia, PA"
103,1,1,female,38.0,0,0,PC 17757,$227.53 ,C45,C,4,,"New York, NY"
104,1,1,female,54.0,1,0,36947,$78.27 ,D20,C,4,,"Brookline, MA"
105,1,0,female,36.0,0,0,PC 17531,$31.68 ,A29,C,,,"New York, NY"
106,1,0,male,,0,0,PC 17483,$221.78 ,C95,S,,,
107,1,1,female,,0,0,PC 17598,$31.68 ,,S,7,,"New York, NY"
108,1,1,female,,0,0,17421,$110.88 ,,C,4,,
109,1,1,male,36.0,0,0,PC 17474,$26.39 ,E25,S,5,,"Brooklyn, NY"
110,1,0,male,30.0,0,0,113051,$27.75 ,C111,C,,,"New York, NY"
111,1,1,female,24.0,3,2,19950,$263.00 ,C23 C25 C27,S,10,,"Winnipeg, MB"
112,1,1,female,28.0,3,2,19950,$263.00 ,C23 C25 C27,S,10,,"Winnipeg, MB"
113,1,1,female,23.0,3,2,19950,$263.00 ,C23 C25 C27,S,10,,"Winnipeg, MB"
114,1,0,male,19.0,3,2,19950,$263.00 ,C23 C25 C27,S,,,"Winnipeg, MB"
115,1,0,male,64.0,1,4,19950,$263.00 ,C23 C25 C27,S,,,"Winnipeg, MB"
116,1,1,female,60.0,1,4,19950,$263.00 ,C23 C25 C27,S,10,,"Winnipeg, MB"
117,1,1,female,30.0,0,0,PC 17485,$56.93 ,E36,C,1,,
118,1,0,male,,0,0,113778,$26.55 ,D34,S,,,"Westcliff-on-Sea, Essex"
119,1,1,male,50.0,2,0,PC 17611,$133.65 ,,S,5,,"New York, NY"
120,1,1,male,43.0,1,0,17765,$27.72 ,D40,C,5,,"New York, NY"
121,1,1,female,,1,0,PC 17611,$133.65 ,,S,5,,"New York, NY"
122,1,1,female,22.0,0,2,13568,$49.50 ,B39,C,5,,"Zurich, Switzerland"
123,1,1,male,60.0,1,1,13567,$79.20 ,B41,C,5,,"Zurich, Switzerland"
124,1,1,female,48.0,1,1,13567,$79.20 ,B41,C,5,,"Zurich, Switzerland"
125,1,0,male,,0,0,112058,$0.00 ,B102,S,,,
126,1,0,male,37.0,1,0,113803,$53.10 ,C123,S,,,"Scituate, MA"
127,1,1,female,35.0,1,0,113803,$53.10 ,C123,S,D,,"Scituate, MA"
128,1,0,male,47.0,0,0,111320,$38.50 ,E63,S,,275.0,"St Anne's-on-Sea, Lancashire"
129,1,1,female,35.0,0,0,113503,$211.50 ,C130,C,4,,
130,1,1,female,22.0,0,1,112378,$59.40 ,,C,7,,"New York, NY"
131,1,1,female,45.0,0,1,112378,$59.40 ,,C,7,,"New York, NY"
132,1,0,male,24.0,0,0,PC 17593,$79.20 ,B86,C,,,
133,1,1,male,49.0,1,0,17453,$89.10 ,C92,C,5,,"Paris, France / New York, NY"
134,1,1,female,,1,0,17453,$89.10 ,C92,C,5,,"Paris, France / New York, NY"
135,1,0,male,71.0,0,0,PC 17754,$34.65 ,A5,C,,,"New York, NY"
136,1,1,male,53.0,0,0,113780,$28.50 ,C51,C,B,,"Washington, DC"
137,1,1,female,19.0,0,0,112053,$30.00 ,B42,S,3,,"Greenwich, CT"
138,1,0,male,38.0,0,1,PC 17582,$153.46 ,C91,S,,147.0,"Winnipeg, MB"
139,1,1,female,58.0,0,1,PC 17582,$153.46 ,C125,S,3,,"Greenwich, CT"
140,1,1,male,23.0,0,1,PC 17759,$63.36 ,D10 D12,C,7,,"New York, NY"
141,1,1,female,45.0,0,1,PC 17759,$63.36 ,D10 D12,C,7,,"New York, NY"
142,1,0,male,46.0,0,0,PC 17593,$79.20 ,B82 B84,C,,,"New York, NY"
143,1,1,male,25.0,1,0,11765,$55.44 ,E50,C,5,,"Brooklyn, NY"
144,1,1,female,25.0,1,0,11765,$55.44 ,E50,C,5,,"Brooklyn, NY"
145,1,1,male,48.0,1,0,PC 17572,$76.73 ,D33,C,3,,"New York, NY"
146,1,1,female,49.0,1,0,PC 17572,$76.73 ,D33,C,3,,"New York, NY"
147,1,0,male,,0,0,113796,$42.40 ,,S,,,
148,1,0,male,45.0,1,0,36973,$83.48 ,C83,S,,,"New York, NY"
149,1,1,female,35.0,1,0,36973,$83.48 ,C83,S,D,,"New York, NY"
150,1,0,male,40.0,0,0,112059,$0.00 ,B94,S,,110.0,
151,1,1,male,27.0,0,0,PC 17572,$76.73 ,D49,C,3,,
152,1,1,male,,0,0,16988,$30.00 ,D45,S,3,,"Kingston, Surrey"
153,1,1,female,24.0,0,0,11767,$83.16 ,C54,C,7,,"New York, NY"
154,1,0,male,55.0,1,1,12749,$93.50 ,B69,S,,307.0,"Montreal, PQ"
155,1,1,female,52.0,1,1,12749,$93.50 ,B69,S,3,,"Montreal, PQ"
156,1,0,male,42.0,0,0,113038,$42.50 ,B11,S,,,London / Middlesex
157,1,0,male,,0,0,17463,$51.86 ,E46,S,,,"Brighton, MA"
158,1,0,male,55.0,0,0,680,$50.00 ,C39,S,,,London / Birmingham
159,1,1,female,16.0,0,1,111361,$57.98 ,B18,C,4,,"Chicago, IL"
160,1,1,female,44.0,0,1,111361,$57.98 ,B18,C,4,,"Chicago, IL"
161,1,1,female,51.0,1,0,13502,$77.96 ,D11,S,10,,"Hudson, NY"
162,1,0,male,42.0,1,0,113789,$52.00 ,,S,,38.0,"New York, NY"
163,1,1,female,35.0,1,0,113789,$52.00 ,,S,8,,"New York, NY"
164,1,1,male,35.0,0,0,111426,$26.55 ,,C,15,,"Indianapolis, IN"
165,1,1,male,38.0,1,0,19943,$90.00 ,C93,S,D,,"New York, NY /  Stamford CT"
166,1,0,male,,0,0,PC 17600,$30.70 ,,C,14,,"New York, NY"
167,1,1,female,35.0,1,0,19943,$90.00 ,C93,S,D,,"New York, NY /  Stamford CT"
168,1,1,female,38.0,0,0,113572,$80.00 ,B28,,6,,
169,1,0,female,50.0,0,0,PC 17595,$28.71 ,C49,C,,,"Paris, France New York, NY"
170,1,1,male,49.0,0,0,112058,$0.00 ,B52 B54 B56,S,C,,Liverpool
171,1,0,male,46.0,0,0,694,$26.00 ,,S,,80.0,"Bennington, VT"
172,1,0,male,50.0,0,0,113044,$26.00 ,E60,S,,,London
173,1,0,male,32.5,0,0,113503,$211.50 ,C132,C,,45.0,
174,1,0,male,58.0,0,0,11771,$29.70 ,B37,C,,258.0,"Buffalo, NY"
175,1,0,male,41.0,1,0,17464,$51.86 ,D21,S,,,"Southington / Noank, CT"
176,1,1,female,,1,0,17464,$51.86 ,D21,S,8,,"Southington / Noank, CT"
177,1,1,male,42.0,1,0,11753,$52.55 ,D19,S,5,,"Boston, MA"
178,1,1,female,45.0,1,0,11753,$52.55 ,D19,S,5,,"Boston, MA"
179,1,0,male,,0,0,113028,$26.55 ,C124,S,,,"Portland, OR"
180,1,1,female,39.0,0,0,24160,$211.34 ,,S,2,,
181,1,1,female,49.0,0,0,17465,$25.93 ,D17,S,8,,"New York, NY"
182,1,1,female,30.0,0,0,PC 17761,$106.43 ,,C,2,,
183,1,1,male,35.0,0,0,PC 17755,$512.33 ,B101,C,3,,
184,1,0,male,,0,0,PC 17612,$27.72 ,,C,,,"Chicago, IL"
185,1,0,male,42.0,0,0,17475,$26.55 ,,S,,,"Stockholm, Sweden"
186,1,1,female,55.0,0,0,112377,$27.72 ,,C,6,,"Stockholm, Sweden"
187,1,1,female,16.0,0,1,PC 17592,$39.40 ,D28,S,9,,"Paris, France"
188,1,1,female,51.0,0,1,PC 17592,$39.40 ,D28,S,9,,"Paris, France"
189,1,0,male,29.0,0,0,113501,$30.00 ,D6,S,,126.0,"Springfield, MA"
190,1,1,female,21.0,0,0,13502,$77.96 ,D9,S,10,,"Hudson, NY"
191,1,0,male,30.0,0,0,113801,$45.50 ,,S,,,"London / New York, NY"
192,1,1,female,58.0,0,0,PC 17569,$146.52 ,B80,C,,,
193,1,1,female,15.0,0,1,24160,$211.34 ,B5,S,2,,"St Louis, MO"
194,1,0,male,30.0,0,0,110469,$26.00 ,C106,S,,,"Brockton, MA"
195,1,1,female,16.0,0,0,110152,$86.50 ,B79,S,8,,
196,1,1,male,,0,0,11774,$29.70 ,C47,C,7,,"Paris, France"
197,1,0,male,19.0,1,0,113773,$53.10 ,D30,S,,,"New York, NY"
198,1,1,female,18.0,1,0,113773,$53.10 ,D30,S,10,,"New York, NY"
199,1,1,female,24.0,0,0,PC 17482,$49.50 ,C90,C,6,,"Belgium  Montreal, PQ"
200,1,0,male,46.0,0,0,13050,$75.24 ,C6,C,,292.0,"Vancouver, BC"
201,1,0,male,54.0,0,0,17463,$51.86 ,E46,S,,175.0,"Dorchester, MA"
202,1,1,male,36.0,0,0,PC 17473,$26.29 ,E25,S,7,,"Philadelphia, PA"
203,1,0,male,28.0,1,0,PC 17604,$82.17 ,,C,,,"New York, NY"
204,1,1,female,,1,0,PC 17604,$82.17 ,,C,6,,"New York, NY"
205,1,0,male,65.0,0,0,13509,$26.55 ,E38,S,,249.0,"East Bridgewater, MA"
206,1,0,male,44.0,2,0,19928,$90.00 ,C78,Q,,230.0,"Fond du Lac, WI"
207,1,1,female,33.0,1,0,19928,$90.00 ,C78,Q,14,,"Green Bay, WI"
208,1,1,female,37.0,1,0,19928,$90.00 ,C78,Q,14,,"Fond du Lac, WI"
209,1,1,male,30.0,1,0,13236,$57.75 ,C78,C,11,,"New York, NY"
210,1,0,male,55.0,0,0,113787,$30.50 ,C30,S,,,"Montreal, PQ"
211,1,0,male,47.0,0,0,113796,$42.40 ,,S,,,"Washington, DC"
212,1,0,male,37.0,0,1,PC 17596,$29.70 ,C118,C,,,"Brooklyn, NY"
213,1,1,female,31.0,1,0,35273,$113.28 ,D36,C,6,,"Lexington, MA"
214,1,1,female,23.0,1,0,35273,$113.28 ,D36,C,6,,"Lexington, MA"
215,1,0,male,58.0,0,2,35273,$113.28 ,D48,C,,122.0,"Lexington, MA"
216,1,1,female,19.0,0,2,11752,$26.28 ,D47,S,5,,"New York, NY"
217,1,0,male,64.0,0,0,693,$26.00 ,,S,,263.0,"Isle of Wight, England"
218,1,1,female,39.0,0,0,PC 17758,$108.90 ,C105,C,8,,
219,1,1,male,,0,0,F.C. 12998,$25.74 ,,C,7,,"Paris, France"
220,1,1,female,22.0,0,1,113509,$61.98 ,B36,C,5,,"Providence, RI"
221,1,0,male,65.0,0,1,113509,$61.98 ,B30,C,,234.0,"Providence, RI"
222,1,0,male,28.5,0,0,PC 17562,$27.72 ,D43,C,,189.0,"?Havana, Cuba"
223,1,0,male,,0,0,112052,$0.00 ,,S,,,Belfast
224,1,0,male,45.5,0,0,113043,$28.50 ,C124,S,,166.0,"Surbiton Hill, Surrey"
225,1,0,male,23.0,0,0,12749,$93.50 ,B24,S,,,"Montreal, PQ"
226,1,0,male,29.0,1,0,113776,$66.60 ,C2,S,,,"Isleworth, England"
227,1,1,female,22.0,1,0,113776,$66.60 ,C2,S,8,,"Isleworth, England"
228,1,0,male,18.0,1,0,PC 17758,$108.90 ,C65,C,,,"Madrid, Spain"
229,1,1,female,17.0,1,0,PC 17758,$108.90 ,C65,C,8,,"Madrid, Spain"
230,1,1,female,30.0,0,0,12749,$93.50 ,B73,S,3,,
231,1,1,male,52.0,0,0,113786,$30.50 ,C104,S,6,,"Toronto, ON"
232,1,0,male,47.0,0,0,110465,$52.00 ,C110,S,,207.0,"Worcester, MA"
233,1,1,female,56.0,0,1,11767,$83.16 ,C50,C,7,,"Mt Airy, Philadelphia, PA"
234,1,0,male,38.0,0,0,19972,$0.00 ,,S,,,"Rotterdam, Netherlands"
235,1,1,male,,0,0,PC 17607,$39.60 ,,S,A,,"Paris /  New York, NY"
236,1,0,male,22.0,0,0,PC 17760,$135.63 ,,C,,232.0,
237,1,0,male,,0,0,PC 17757,$227.53 ,,C,,,
238,1,1,female,43.0,0,1,24160,$211.34 ,B3,S,2,,"St Louis, MO"
239,1,0,male,31.0,0,0,PC 17590,$50.50 ,A24,S,,,"Trenton, NJ"
240,1,1,male,45.0,0,0,111428,$26.55 ,,S,9,,"New York, NY"
241,1,0,male,,0,0,113767,$50.00 ,A32,S,,,"Seattle, WA"
242,1,1,female,33.0,0,0,PC 17613,$27.72 ,A11,C,11,,"Paris, France"
243,1,0,male,46.0,0,0,PC 17585,$79.20 ,,C,,16.0,"New York, NY"
244,1,0,male,36.0,0,0,13049,$40.13 ,A10,C,,,"Winnipeg, MB"
245,1,1,female,33.0,0,0,110152,$86.50 ,B77,S,8,,"London  Vancouver, BC"
246,1,0,male,55.0,1,0,PC 17603,$59.40 ,,C,,,"New York, NY"
247,1,1,female,54.0,1,0,PC 17603,$59.40 ,,C,6,,"New York, NY"
248,1,0,male,33.0,0,0,113790,$26.55 ,,S,,109.0,London
249,1,1,male,13.0,2,2,PC 17608,$262.38 ,B57 B59 B63 B66,C,4,,"Haverford, PA / Cooperstown, NY"
250,1,1,female,18.0,2,2,PC 17608,$262.38 ,B57 B59 B63 B66,C,4,,"Haverford, PA / Cooperstown, NY"
251,1,1,female,21.0,2,2,PC 17608,$262.38 ,B57 B59 B63 B66,C,4,,"Haverford, PA / Cooperstown, NY"
252,1,0,male,61.0,1,3,PC 17608,$262.38 ,B57 B59 B63 B66,C,,,"Haverford, PA / Cooperstown, NY"
253,1,1,female,48.0,1,3,PC 17608,$262.38 ,B57 B59 B63 B66,C,4,,"Haverford, PA / Cooperstown, NY"
254,1,1,male,,0,0,19988,$30.50 ,C106,S,3,,"Manchester, England"
255,1,1,female,24.0,0,0,PC 17477,$69.30 ,B35,C,9,,
256,1,1,male,,0,0,111163,$26.00 ,,S,1,,"New York, NY"
257,1,1,female,35.0,1,0,13236,$57.75 ,C28,C,11,,"New York, NY"
258,1,1,female,30.0,0,0,113798,$31.00 ,,C,4,,
259,1,1,male,34.0,0,0,113794,$26.55 ,,S,7,,"New York, NY"
260,1,1,female,40.0,0,0,PC 17582,$153.46 ,C125,S,3,,"New York, NY / Greenwich CT"
261,1,1,male,35.0,0,0,PC 17475,$26.29 ,E24,S,5,,"St Louis, MO"
262,1,0,male,50.0,1,0,13507,$55.90 ,E44,S,,,"Duluth, MN"
263,1,1,female,39.0,1,0,13507,$55.90 ,E44,S,11,,"Duluth, MN"
264,1,1,male,56.0,0,0,13213,$35.50 ,A26,C,3,,"Basel, Switzerland"
265,1,1,male,28.0,0,0,113788,$35.50 ,A6,S,7,,"New Britain, CT"
266,1,0,male,56.0,0,0,113792,$26.55 ,,S,,,"New York, NY"
267,1,0,male,56.0,0,0,17764,$30.70 ,A7,C,,,"St James, Long Island, NY"
268,1,0,male,24.0,1,0,13695,$60.00 ,C31,S,,,"Huntington, WV"
269,1,0,male,,0,0,113056,$26.00 ,A19,S,,,"Streatham, Surrey"
270,1,1,female,18.0,1,0,13695,$60.00 ,C31,S,6,,"Huntington, WV"
271,1,1,male,24.0,1,0,21228,$82.27 ,B45,S,7,,"Minneapolis, MN"
272,1,1,female,23.0,1,0,21228,$82.27 ,B45,S,7,,"Minneapolis, MN"
273,1,1,male,6.0,0,2,16966,$134.50 ,E34,C,3,,"Tuxedo Park, NY"
274,1,1,male,45.0,1,1,16966,$134.50 ,E34,C,3,,"Tuxedo Park, NY"
275,1,1,female,40.0,1,1,16966,$134.50 ,E34,C,3,,"Tuxedo Park, NY"
276,1,0,male,57.0,1,0,PC 17569,$146.52 ,B78,C,,,"Paris, France"
277,1,1,female,,1,0,PC 17569,$146.52 ,B78,C,6,,"Paris, France"
278,1,1,male,32.0,0,0,13214,$30.50 ,B50,C,3,,"Basel, Switzerland"
279,1,0,male,62.0,0,0,113514,$26.55 ,C87,S,,,"Wimbledon Park, London / Hayling Island, Hants"
280,1,1,male,54.0,1,0,11778,$55.44 ,C116,C,1,,"Newark, NJ"
281,1,1,female,43.0,1,0,11778,$55.44 ,C116,C,5,,"Newark, NJ"
282,1,1,female,52.0,1,0,36947,$78.27 ,D20,C,4,,"Haverford, PA"
283,1,0,male,,0,0,PC 17605,$27.72 ,,C,,,"Gallipolis, Ohio / ? Paris / New York"
284,1,1,female,62.0,0,0,113572,$80.00 ,B28,,6,,"Cincinatti, OH"
285,1,0,male,67.0,1,0,PC 17483,$221.78 ,C55 C57,S,,96.0,"New York, NY"
286,1,0,female,63.0,1,0,PC 17483,$221.78 ,C55 C57,S,,,"New York, NY"
287,1,0,male,61.0,0,0,36963,$32.32 ,D50,S,,46.0,"Haddenfield, NJ"
288,1,1,female,48.0,0,0,17466,$25.93 ,D17,S,8,,"Brooklyn, NY"
289,1,1,female,18.0,0,2,110413,$79.65 ,E68,S,8,,"New York, NY"
290,1,0,male,52.0,1,1,110413,$79.65 ,E67,S,,,"New York, NY"
291,1,1,female,39.0,1,1,110413,$79.65 ,E67,S,8,,"New York, NY"
292,1,1,male,48.0,1,0,19996,$52.00 ,C126,S,5 7,,"London /  East Orange, NJ"
293,1,1,female,,1,0,19996,$52.00 ,C126,S,5 7,,"London /  East Orange, NJ"
294,1,0,male,49.0,1,1,17421,$110.88 ,C68,C,,,"Haverford, PA"
295,1,1,male,17.0,0,2,17421,$110.88 ,C70,C,B,,"Haverford, PA"
296,1,1,female,39.0,1,1,17421,$110.88 ,C68,C,4,,"Haverford, PA"
297,1,1,female,,0,0,PC 17585,$79.20 ,,C,D,,"New York, NY"
298,1,1,male,31.0,0,0,2543,$28.54 ,C53,C,7,,"Albany, NY"
299,1,0,male,40.0,0,0,PC 17601,$27.72 ,,C,,,"Mexico City, Mexico"
300,1,0,male,61.0,0,0,111240,$33.50 ,B19,S,,245.0,"Brooklyn, NY"
301,1,0,male,47.0,0,0,36967,$34.02 ,D46,S,,,"East Orange, NJ"
302,1,1,female,35.0,0,0,PC 17755,$512.33 ,,C,3,,
303,1,0,male,64.0,1,0,110813,$75.25 ,D37,C,,,"Portland, OR"
304,1,1,female,60.0,1,0,110813,$75.25 ,D37,C,5,,"Portland, OR"
305,1,0,male,60.0,0,0,113800,$26.55 ,,S,,,"England Salt Lake City, Utah"
306,1,0,male,54.0,0,1,35281,$77.29 ,D26,S,,,"Brunswick, ME"
307,1,0,male,21.0,0,1,35281,$77.29 ,D26,S,,169.0,"Brunswick, ME"
308,1,1,female,55.0,0,0,PC 17760,$135.63 ,C32,C,8,,"New York, NY / Briarcliff Manor NY"
309,1,1,female,31.0,0,2,36928,$164.87 ,C7,S,8,,"Youngstown, OH"
310,1,0,male,57.0,1,1,36928,$164.87 ,,S,,,"Youngstown, OH"
311,1,1,female,45.0,1,1,36928,$164.87 ,,S,8,,"Youngstown, OH"
312,1,0,male,50.0,1,1,113503,$211.50 ,C80,C,,,"Elkins Park, PA"
313,1,0,male,27.0,0,2,113503,$211.50 ,C82,C,,,"Elkins Park, PA"
314,1,1,female,50.0,1,1,113503,$211.50 ,C80,C,4,,"Elkins Park, PA"
315,1,1,female,21.0,0,0,113795,$26.55 ,,S,8 10,,"Duluth, MN"
316,1,0,male,51.0,0,1,PC 17597,$61.38 ,,C,,,"Geneva, Switzerland / Radnor, PA"
317,1,1,male,21.0,0,1,PC 17597,$61.38 ,,C,A,,"Geneva, Switzerland / Radnor, PA"
318,1,0,male,,0,0,113510,$35.00 ,C128,S,,,"London, England"
319,1,1,female,31.0,0,0,16966,$134.50 ,E39 E41,C,3,,
320,1,1,male,,0,0,19947,$35.50 ,C52,S,D,,"London, England"
321,1,0,male,62.0,0,0,113807,$26.55 ,,S,,,"Halifax, NS"
322,1,1,female,36.0,0,0,PC 17760,$135.63 ,C32,C,8,,"New York, NY / Washington, DC"
323,2,0,male,30.0,1,0,P/PP 3381,$24.00 ,,C,,,"Russia New York, NY"
324,2,1,female,28.0,1,0,P/PP 3381,$24.00 ,,C,10,,"Russia New York, NY"
325,2,0,male,30.0,0,0,248744,$13.00 ,,S,,,"Bryn Mawr, PA, USA"
326,2,0,male,18.0,0,0,231945,$11.50 ,,S,,,"Buenos Aires, Argentina / New Jersey, NJ"
327,2,0,male,25.0,0,0,C.A. 34050,$10.50 ,,S,,,"Cornwall, England Houghton, MI"
328,2,0,male,34.0,1,0,226875,$26.00 ,,S,,,"Warwick, England"
329,2,1,female,36.0,1,0,226875,$26.00 ,,S,11,,"Warwick, England"
330,2,0,male,57.0,0,0,244346,$13.00 ,,S,,,"West Hoboken, NJ"
331,2,0,male,18.0,0,0,29108,$11.50 ,,S,,,"Penzance, Cornwall / Akron, OH"
332,2,0,male,23.0,0,0,C.A. 31030,$10.50 ,,S,,,Guernsey
333,2,1,female,36.0,0,0,28551,$13.00 ,D,S,10,,"Bristol, Avon / Jacksonville, FL"
334,2,0,male,28.0,0,0,C.A./SOTON 34068,$10.50 ,,S,,,"Plymouth, Dorset / Houghton, MI"
335,2,0,male,51.0,0,0,S.O.P. 1166,$12.53 ,,S,,174.0,"Jacksonville, FL"
336,2,1,male,32.0,1,0,2908,$26.00 ,,S,13,,"Norwich / New York, NY"
337,2,1,female,19.0,1,0,2908,$26.00 ,,S,13,,"Norwich / New York, NY"
338,2,0,male,28.0,0,0,244358,$26.00 ,,S,,,England
339,2,1,male,1.0,2,1,230136,$39.00 ,F4,S,11,,"Guntur, India / Benton Harbour, MI"
340,2,1,female,4.0,2,1,230136,$39.00 ,F4,S,11,,"Guntur, India / Benton Harbour, MI"
341,2,1,female,12.0,2,1,230136,$39.00 ,F4,S,13,,"Guntur, India / Benton Harbour, MI"
342,2,1,female,36.0,0,3,230136,$39.00 ,F4,S,11,,"Guntur, India / Benton Harbour, MI"
343,2,1,male,34.0,0,0,248698,$13.00 ,D56,S,13,,London
344,2,1,female,19.0,0,0,28404,$13.00 ,,S,12,,"Rochester, NY"
345,2,0,male,23.0,0,0,28425,$13.00 ,,S,,,"St Ives, Cornwall / Calumet, MI"
346,2,0,male,26.0,0,0,237670,$13.00 ,,S,,,"Elmira, NY / Orange, NJ"
347,2,0,male,42.0,0,0,211535,$13.00 ,,S,,,London
348,2,0,male,27.0,0,0,220367,$13.00 ,,S,,,"Lake Arthur, Chavez County, NM"
349,2,1,female,24.0,0,0,248733,$13.00 ,F33,S,11,,"London / Montreal, PQ"
350,2,1,female,15.0,0,2,29750,$39.00 ,,S,14,,"Cape Town, South Africa / Seattle, WA"
351,2,0,male,60.0,1,1,29750,$39.00 ,,S,,,"Cape Town, South Africa / Seattle, WA"
352,2,1,female,40.0,1,1,29750,$39.00 ,,S,14,,"Cape Town, South Africa / Seattle, WA"
353,2,1,female,20.0,1,0,236853,$26.00 ,,S,12,,"Skara, Sweden / Rockford, IL"
354,2,0,male,25.0,1,0,236853,$26.00 ,,S,,,"Skara, Sweden / Rockford, IL"
355,2,1,female,36.0,0,0,27849,$13.00 ,,S,9,,"Sittingbourne, England / San Diego, CA"
356,2,0,male,25.0,0,0,234686,$13.00 ,,S,,97.0,"Southsea, Hants"
357,2,0,male,42.0,0,0,244310,$13.00 ,,S,,,London
358,2,1,female,42.0,0,0,236852,$13.00 ,,S,,,"New York, NY"
359,2,1,male,0.8333,0,2,248738,$29.00 ,,S,13,,"Bangkok, Thailand / Roseville, IL"
360,2,1,male,26.0,1,1,248738,$29.00 ,,S,13,,"Bangkok, Thailand / Roseville, IL"
361,2,1,female,22.0,1,1,248738,$29.00 ,,S,13,,"Bangkok, Thailand / Roseville, IL"
362,2,1,female,35.0,0,0,F.C.C. 13528,$21.00 ,,S,14,,"Mamaroneck, NY"
363,2,0,male,,0,0,239853,$0.00 ,,S,,,Belfast
364,2,0,male,19.0,0,0,28424,$13.00 ,,S,,18.0,"St Ives, Cornwall / Calumet, MI"
365,2,0,female,44.0,1,0,244252,$26.00 ,,S,,,London
366,2,0,male,54.0,1,0,244252,$26.00 ,,S,,,London
367,2,0,male,52.0,0,0,248731,$13.50 ,,S,,130.0,"Bronx, NY"
368,2,0,male,37.0,1,0,SC/AH 29037,$26.00 ,,S,,17.0,"Cornwall / Spokane, WA"
369,2,0,female,29.0,1,0,SC/AH 29037,$26.00 ,,S,,,"Cornwall / Spokane, WA"
370,2,1,female,25.0,1,1,237789,$30.00 ,,S,12,,London
371,2,1,female,45.0,0,2,237789,$30.00 ,,S,12,,London
372,2,0,male,29.0,1,0,2003,$26.00 ,,S,,,"England / San Francisco, CA"
373,2,1,female,28.0,1,0,2003,$26.00 ,,S,14,,"England / San Francisco, CA"
374,2,0,male,29.0,0,0,W./C. 14263,$10.50 ,,S,,,"Hartford, Huntingdonshire"
375,2,0,male,28.0,0,0,248740,$13.00 ,,S,,,"Helsinki, Finland Ashtabula, Ohio"
376,2,1,male,24.0,0,0,28034,$10.50 ,,S,9,,"London / Fort Byron, NY"
377,2,1,female,8.0,0,2,C.A. 31921,$26.25 ,,S,14,,"Bishopstoke, Hants / Fayette Valley, ID"
378,2,0,male,31.0,1,1,C.A. 31921,$26.25 ,,S,,,"Bishopstoke, Hants / Fayette Valley, ID"
379,2,1,female,31.0,1,1,C.A. 31921,$26.25 ,,S,14,,"Bishopstoke, Hants / Fayette Valley, ID"
380,2,1,female,22.0,0,0,W./C. 14266,$10.50 ,F33,S,14,,Pennsylvania
381,2,0,female,30.0,0,0,237249,$13.00 ,,S,,,"Provo, UT"
382,2,0,female,,0,0,F.C.C. 13534,$21.00 ,,S,,,"Upper Burma, India Pittsburgh, PA"
383,2,0,male,21.0,0,0,29107,$11.50 ,,S,,,"Penzance, Cornwall / Akron, OH"
384,2,0,male,,0,0,239853,$0.00 ,,S,,,Belfast
385,2,1,male,8.0,1,1,C.A. 33112,$36.75 ,,S,14,,"St Ives, Cornwall / Hancock, MI"
386,2,0,male,18.0,0,0,S.O.C. 14879,$73.50 ,,S,,,"Lyndhurst, England"
387,2,1,female,48.0,0,2,C.A. 33112,$36.75 ,,S,14,,"St Ives, Cornwall / Hancock, MI"
388,2,1,female,28.0,0,0,237668,$13.00 ,,S,13,,"London / Staten Island, NY"
389,2,0,male,32.0,0,0,244360,$13.00 ,,S,,,"Portugal / Sau Paulo, Brazil"
390,2,0,male,17.0,0,0,S.O.C. 14879,$73.50 ,,S,,,
391,2,0,male,29.0,1,0,SC/PARIS 2167,$27.72 ,,C,,295.0,"Lucca, Italy / California"
392,2,1,female,24.0,1,0,SC/PARIS 2167,$27.72 ,,C,12,,"Lucca, Italy / California"
393,2,0,male,25.0,0,0,C.A. 31029,$31.50 ,,S,,,"Guernsey / Elizabeth, NJ"
394,2,0,male,18.0,0,0,S.O.C. 14879,$73.50 ,,S,,,"New Forest, England"
395,2,1,female,18.0,0,1,231919,$23.00 ,,S,,,Southampton
396,2,1,female,34.0,0,1,231919,$23.00 ,,S,,,Southampton
397,2,0,male,54.0,0,0,28403,$26.00 ,,S,,,"Holley, NY"
398,2,1,male,8.0,0,2,28220,$32.50 ,,S,10,,"Greenport, NY"
399,2,0,male,42.0,1,1,28220,$32.50 ,,S,,,"Greenport, NY"
400,2,1,female,34.0,1,1,28220,$32.50 ,,S,10,,"Greenport, NY"
401,2,1,female,27.0,1,0,SC/PARIS 2149,$13.86 ,,C,12,,"Barcelona, Spain / Havana, Cuba"
402,2,1,female,30.0,1,0,SC/PARIS 2148,$13.86 ,,C,12,,"Barcelona, Spain / Havana, Cuba"
403,2,0,male,23.0,0,0,29751,$13.00 ,,S,,,"England / Detroit, MI"
404,2,0,male,21.0,0,0,236854,$13.00 ,,S,,,"Goteborg, Sweden / Rockford, IL"
405,2,0,male,18.0,0,0,236171,$13.00 ,,S,,,"Oslo, Norway Bayonne, NJ"
406,2,0,male,40.0,1,0,2926,$26.00 ,,S,,286.0,"England / Philadelphia, PA"
407,2,1,female,29.0,1,0,2926,$26.00 ,,S,16,,
408,2,0,male,18.0,0,0,C.A. 15185,$10.50 ,,S,,,"Cornwall / Houghton, MI"
409,2,0,male,36.0,0,0,229236,$13.00 ,,S,,236.0,"Rochester, NY"
410,2,0,male,,0,0,239854,$0.00 ,,S,,,Belfast
411,2,0,female,38.0,0,0,237671,$13.00 ,,S,,,"Janjgir, India / Pennsylvania"
412,2,0,male,35.0,0,0,239865,$26.00 ,,S,,322.0,"Liverpool / Montreal, PQ"
413,2,0,male,38.0,1,0,28664,$21.00 ,,S,,,"Cornwall / Clear Creek, CO"
414,2,0,male,34.0,1,0,28664,$21.00 ,,S,,,"Cornwall / Clear Creek, CO"
415,2,1,female,34.0,0,0,243880,$13.00 ,,S,12,,"Brooklyn, NY"
416,2,0,male,16.0,0,0,239865,$26.00 ,,S,,,"Liverpool / Montreal, PQ"
417,2,0,male,26.0,0,0,31028,$10.50 ,,S,,,"Guernsey / Elizabeth, NJ"
418,2,0,male,47.0,0,0,C.A. 30769,$10.50 ,,S,,,Cornwall
419,2,0,male,21.0,1,0,28133,$11.50 ,,S,,,"Cornwall / Camden, NJ"
420,2,0,male,21.0,1,0,28134,$11.50 ,,S,,,"Cornwall / Camden, NJ"
421,2,0,male,24.0,0,0,248726,$13.50 ,,S,,297.0,"West Kensington, London"
422,2,0,male,24.0,0,0,233866,$13.00 ,,S,,155.0,"Clevedon, England"
423,2,0,male,34.0,0,0,12233,$13.00 ,,S,,,"Vancouver, BC"
424,2,0,male,30.0,0,0,250646,$13.00 ,,S,,305.0,
425,2,0,male,52.0,0,0,250647,$13.00 ,,S,,19.0,"Bronx, NY"
426,2,0,male,30.0,0,0,250653,$13.00 ,,S,,75.0,"Auburn, NY"
427,2,1,male,0.6667,1,1,250649,$14.50 ,,S,4,,"Detroit, MI"
428,2,1,female,24.0,0,2,250649,$14.50 ,,S,4,,"Detroit, MI"
429,2,0,male,44.0,0,0,248746,$13.00 ,,S,,35.0,"Seattle, WA / Toledo, OH"
430,2,1,female,6.0,0,1,248727,$33.00 ,,S,11,,"Denmark Hill, Surrey / Chicago"
431,2,0,male,28.0,0,1,248727,$33.00 ,,S,,,"Denmark Hill, Surrey / Chicago"
432,2,1,male,62.0,0,0,S.W./PP 752,$10.50 ,,S,15,,London
433,2,0,male,30.0,0,0,W/C 14208,$10.50 ,,S,,,"Walthamstow, England"
434,2,1,female,7.0,0,2,F.C.C. 13529,$26.25 ,,S,14,,"Ilford, Essex / Winnipeg, MB"
435,2,0,male,43.0,1,1,F.C.C. 13529,$26.25 ,,S,,,"Ilford, Essex / Winnipeg, MB"
436,2,1,female,45.0,1,1,F.C.C. 13529,$26.25 ,,S,14,,"Ilford, Essex / Winnipeg, MB"
437,2,1,female,24.0,1,2,220845,$65.00 ,,S,9,,"Somerset / Bernardsville, NJ"
438,2,1,female,24.0,1,2,220845,$65.00 ,,S,9,,"Somerset / Bernardsville, NJ"
439,2,0,male,49.0,1,2,220845,$65.00 ,,S,,,"Somerset / Bernardsville, NJ"
440,2,1,female,48.0,1,2,220845,$65.00 ,,S,9,,"Somerset / Bernardsville, NJ"
441,2,1,female,55.0,0,0,248706,$16.00 ,,S,13,,"India / Rapid City, SD"
442,2,0,male,24.0,2,0,S.O.C. 14879,$73.50 ,,S,,,"West Hampstead, London / Neepawa, MB"
443,2,0,male,32.0,2,0,S.O.C. 14879,$73.50 ,,S,,256.0,"West Hampstead, London / Neepawa, MB"
444,2,0,male,21.0,2,0,S.O.C. 14879,$73.50 ,,S,,,"West Hampstead, London / Neepawa, MB"
445,2,0,female,18.0,1,1,250650,$13.00 ,,S,,,"Kontiolahti, Finland / Detroit, MI"
446,2,1,female,20.0,2,1,29105,$23.00 ,,S,4,,"Cornwall / Akron, OH"
447,2,0,male,23.0,2,1,29104,$11.50 ,,S,,,"Cornwall / Akron, OH"
448,2,0,male,36.0,0,0,242963,$13.00 ,,S,,,"Devonport, England"
449,2,1,female,54.0,1,3,29105,$23.00 ,,S,4,,"Cornwall / Akron, OH"
450,2,0,male,50.0,0,0,250643,$13.00 ,,S,,149.0,Southampton
451,2,0,male,44.0,1,0,26707,$26.00 ,,S,,,"England / Sacramento, CA"
452,2,1,female,29.0,1,0,26707,$26.00 ,,S,10,,"England / Sacramento, CA"
453,2,0,male,21.0,0,0,S.O.C. 14879,$73.50 ,,S,,,"New Forest, England"
454,2,1,male,42.0,0,0,237798,$13.00 ,,S,10,,"Tokyo, Japan"
455,2,0,male,63.0,1,0,24065,$26.00 ,,S,,,"Swindon, England"
456,2,0,female,60.0,1,0,24065,$26.00 ,,S,,,"Swindon, England"
457,2,0,male,33.0,0,0,SCO/W 1585,$12.28 ,,S,,,"Philadelphia, PA"
458,2,1,female,17.0,0,0,SO/C 14885,$10.50 ,,S,,,Guernsey
459,2,0,male,42.0,1,0,243847,$27.00 ,,S,,,London
460,2,1,female,24.0,2,1,243847,$27.00 ,,S,12,,London
461,2,0,male,47.0,0,0,237565,$15.00 ,,S,,,"North Evington, England"
462,2,0,male,24.0,2,0,C.A. 31029,$31.50 ,,S,,,"Guernsey / Elizabeth, NJ"
463,2,0,male,22.0,2,0,C.A. 31029,$31.50 ,,S,,,"Guernsey / Elizabeth, NJ"
464,2,0,male,32.0,0,0,C.A. 33111,$10.50 ,,S,,,"St Ives, Cornwall / Houghton, MI"
465,2,1,female,23.0,0,0,SC/AH Basle 541,$13.79 ,D,C,11,,"New York, NY"
466,2,0,male,34.0,1,0,244367,$26.00 ,,S,,283.0,"Moscow / Bronx, NY"
467,2,1,female,24.0,1,0,244367,$26.00 ,,S,12,,"Moscow / Bronx, NY"
468,2,0,female,22.0,0,0,F.C.C. 13534,$21.00 ,,S,,,"India / Pittsburgh, PA"
469,2,1,female,,0,0,226593,$12.35 ,E101,Q,10,,"Harrisburg, PA"
470,2,0,male,35.0,0,0,233734,$12.35 ,,Q,,,
471,2,1,female,45.0,0,0,223596,$13.50 ,,S,9,,"London / New York, NY"
472,2,0,male,57.0,0,0,219533,$12.35 ,,Q,,,"Glasgow / Bangor, ME"
473,2,0,male,,0,0,239855,$0.00 ,,S,,,Belfast
474,2,0,male,31.0,0,0,C.A. 18723,$10.50 ,,S,,165.0,"Sweden / Arlington, NJ"
475,2,0,female,26.0,1,1,250651,$26.00 ,,S,,,"Minneapolis, MN"
476,2,0,male,30.0,1,1,250651,$26.00 ,,S,,,"Minneapolis, MN"
477,2,0,male,,0,0,240261,$10.71 ,,Q,,,
478,2,1,female,1.0,1,2,SC/Paris 2123,$41.58 ,,C,14,,Paris / Haiti
479,2,1,female,3.0,1,2,SC/Paris 2123,$41.58 ,,C,14,,Paris / Haiti
480,2,0,male,25.0,1,2,SC/Paris 2123,$41.58 ,,C,,,Paris / Haiti
481,2,1,female,22.0,1,2,SC/Paris 2123,$41.58 ,,C,14,,Paris / Haiti
482,2,1,female,17.0,0,0,SC 1748,$12.00 ,,C,12,,"Berne, Switzerland / Central City, IA"
483,2,1,female,,0,0,248727,$33.00 ,,S,11,,"London / Chicago, IL"
484,2,1,female,34.0,0,0,C.A. 34260,$10.50 ,F33,S,14,,"Chicago, IL"
485,2,0,male,36.0,0,0,SC/Paris 2163,$12.88 ,D,C,,,"Montreal, PQ"
486,2,0,male,24.0,0,0,C.A. 29566,$10.50 ,,S,,108.0,
487,2,0,male,61.0,0,0,235509,$12.35 ,,Q,,,
488,2,0,male,50.0,1,0,SC/AH 3085,$26.00 ,,S,,121.0,"Weston-Super-Mare, Somerset"
489,2,1,female,42.0,1,0,SC/AH 3085,$26.00 ,,S,,,"Weston-Super-Mare, Somerset"
490,2,0,female,57.0,0,0,S.O./P.P. 3,$10.50 ,E77,S,,52.0,"Southampton / New York, NY"
491,2,0,male,,0,0,237735,$15.05 ,D,C,,,Paris
492,2,1,male,1.0,0,2,S.C./PARIS 2079,$37.00 ,,C,10,,"Paris / Montreal, PQ"
493,2,0,male,31.0,1,1,S.C./PARIS 2079,$37.00 ,,C,,,"Paris / Montreal, PQ"
494,2,1,female,24.0,1,1,S.C./PARIS 2079,$37.00 ,,C,10,,"Paris / Montreal, PQ"
495,2,0,male,,0,0,SC/A.3 2861,$15.58 ,,C,,,"New York, NY"
496,2,0,male,30.0,0,0,28228,$13.00 ,,S,,,"St Austall, Cornwall"
497,2,0,male,40.0,0,0,239059,$16.00 ,,S,,,"Weston-Super-Mare / Moose Jaw, SK"
498,2,0,male,32.0,0,0,237216,$13.50 ,,S,,209.0,"Sydney, Australia"
499,2,0,male,30.0,0,0,233478,$13.00 ,,S,,,"Sarnia, ON"
500,2,0,male,46.0,0,0,28403,$26.00 ,,S,,,"Rochester, NY"
501,2,1,female,13.0,0,1,250644,$19.50 ,,S,14,,"England / Bennington, VT"
502,2,1,female,41.0,0,1,250644,$19.50 ,,S,14,,"England / Bennington, VT"
503,2,1,male,19.0,0,0,SW/PP 751,$10.50 ,,S,B,,"Chelsea, London"
504,2,0,male,39.0,0,0,248723,$13.00 ,,S,,,"Harrow-on-the-Hill, Middlesex"
505,2,0,male,48.0,0,0,234360,$13.00 ,,S,,271.0,"Copenhagen, Denmark"
506,2,0,male,70.0,0,0,C.A. 24580,$10.50 ,,S,,,"Guernsey / Montclair, NJ and/or Toledo, Ohio"
507,2,0,male,27.0,0,0,211536,$13.00 ,,S,,,"Worcester, MA"
508,2,0,male,54.0,0,0,29011,$14.00 ,,S,,,"Frankfort, KY"
509,2,0,male,39.0,0,0,250655,$26.00 ,,S,,,
510,2,0,male,16.0,0,0,S.O./P.P. 3,$10.50 ,,S,,,"Halesworth, England"
511,2,0,male,62.0,0,0,240276,$9.69 ,,Q,,,"Cambridge, MA"
512,2,0,male,32.5,1,0,237736,$30.07 ,,C,,43.0,"New York, NY"
513,2,1,female,14.0,1,0,237736,$30.07 ,,C,,,"New York, NY"
514,2,1,male,2.0,1,1,230080,$26.00 ,F2,S,D,,"Nice, France"
515,2,1,male,3.0,1,1,230080,$26.00 ,F2,S,D,,"Nice, France"
516,2,0,male,36.5,0,2,230080,$26.00 ,F2,S,,15.0,"Nice, France"
517,2,0,male,26.0,0,0,244368,$13.00 ,F2,S,,,"Boston, MA"
518,2,0,male,19.0,1,1,C.A. 33112,$36.75 ,,S,,101.0,"Cornwall / Hancock, MI"
519,2,0,male,28.0,0,0,218629,$13.50 ,,S,,287.0,Glasgow
520,2,1,male,20.0,0,0,SC/PARIS 2166,$13.86 ,D38,C,7,,"Cologne, Germany"
521,2,1,female,29.0,0,0,C.A. 29395,$10.50 ,F33,S,11,,"Folkstone, Kent / New York, NY"
522,2,0,male,39.0,0,0,28213,$13.00 ,,S,,,"Middleburg Heights, OH"
523,2,1,male,22.0,0,0,W./C. 14260,$10.50 ,,S,13,,"Pondersend, England / New Durham, NJ"
524,2,1,male,,0,0,SC/PARIS 2146,$13.86 ,,C,9,,"Spain / Havana, Cuba"
525,2,0,male,23.0,0,0,244278,$10.50 ,,S,,,"Hamilton, ON"
526,2,1,male,29.0,0,0,SC/PARIS 2147,$13.86 ,,C,9,,"Spain / Havana, Cuba"
527,2,0,male,28.0,0,0,SC 14888,$10.50 ,,S,,,"St Andrews, Guernsey"
528,2,0,male,,0,0,239853,$0.00 ,,S,,,Belfast
529,2,1,female,50.0,0,1,230433,$26.00 ,,S,12,,"Woodford County, KY"
530,2,0,male,19.0,0,0,28665,$10.50 ,,S,,,"Gunnislake, England / Butte, MT"
531,2,0,male,,0,0,SC/PARIS 2131,$15.05 ,,C,,,
532,2,0,male,41.0,0,0,237393,$13.00 ,,S,,,
533,2,1,female,21.0,0,1,S.O./P.P. 2,$21.00 ,,S,12,,"Ilfracombe, Devon"
534,2,1,female,19.0,0,0,250655,$26.00 ,,S,11,,"Worcester, England"
535,2,0,male,43.0,0,1,S.O./P.P. 2,$21.00 ,,S,,,"Ilfracombe, Devon"
536,2,1,female,32.0,0,0,234604,$13.00 ,,S,9,,Russia
537,2,0,male,34.0,0,0,250647,$13.00 ,,S,,,"Denmark / New York, NY"
538,2,1,male,30.0,0,0,C.A. 34644,$12.74 ,,C,14,,"Milford, NH"
539,2,0,male,27.0,0,0,SC/PARIS 2168,$15.03 ,,C,,,Paris
540,2,1,female,2.0,1,1,26360,$26.00 ,,S,11,,"Plymouth, Devon / Detroit, MI"
541,2,1,female,8.0,1,1,26360,$26.00 ,,S,11,,"Plymouth, Devon / Detroit, MI"
542,2,1,female,33.0,0,2,26360,$26.00 ,,S,11,,"Plymouth, Devon / Detroit, MI"
543,2,0,male,36.0,0,0,C.A. 17248,$10.50 ,,S,,,"Brighton, Sussex"
544,2,0,male,34.0,1,0,31027,$21.00 ,,S,12,,"Elizabeth, NJ"
545,2,1,female,30.0,3,0,31027,$21.00 ,,S,,,"Elizabeth, NJ"
546,2,1,female,28.0,0,0,230434,$13.00 ,,S,9,,Spain
547,2,0,male,23.0,0,0,SC/PARIS 2133,$15.05 ,,C,,,"Paris / Montreal, PQ"
548,2,1,male,0.8333,1,1,29106,$18.75 ,,S,4,,"Cornwall / Akron, OH"
549,2,1,male,3.0,1,1,29106,$18.75 ,,S,4,,"Cornwall / Akron, OH"
550,2,1,female,24.0,2,3,29106,$18.75 ,,S,4,,"Cornwall / Akron, OH"
551,2,1,female,50.0,0,0,W./C. 14258,$10.50 ,,S,13,,"London, England / Marietta, Ohio and Milwaukee, WI"
552,2,0,male,19.0,0,0,28004,$10.50 ,,S,,,
553,2,1,female,21.0,0,0,C.A. 31026,$10.50 ,,S,12,,"Guernsey / Wilmington, DE"
554,2,0,male,26.0,0,0,248659,$13.00 ,,S,,,"Newark, NJ"
555,2,0,male,25.0,0,0,244361,$13.00 ,,S,,,Liverpool
556,2,0,male,27.0,0,0,244358,$26.00 ,,S,,,"Hornsey, England"
557,2,1,female,25.0,0,1,230433,$26.00 ,,S,12,,"Deer Lodge, MT"
558,2,1,female,18.0,0,2,250652,$13.00 ,,S,16,,"Finland / Minneapolis, MN"
559,2,1,female,20.0,0,0,C.A. 33112,$36.75 ,,S,11,,"Cornwall / Hancock, MI"
560,2,1,female,30.0,0,0,250648,$13.00 ,,S,10,,"Finland / Washington, DC"
561,2,0,male,59.0,0,0,237442,$13.50 ,,S,,,"Sault St Marie, ON"
562,2,1,female,30.0,0,0,234818,$12.35 ,,Q,13,,"Halifax, NS"
563,2,0,male,35.0,0,0,28206,$10.50 ,,S,,,Cornwall
564,2,1,female,40.0,0,0,31418,$13.00 ,,S,9,,
565,2,0,male,25.0,0,0,C.A. 29178,$13.00 ,,S,,,"Cornwall / Houghton, MI"
566,2,0,male,41.0,0,0,237734,$15.05 ,,C,,,"New York, NY"
567,2,0,male,25.0,0,0,F.C.C. 13540,$10.50 ,,S,,81.0,"Catford, Kent / Detroit, MI"
568,2,0,male,18.5,0,0,248734,$13.00 ,F,S,,294.0,
569,2,0,male,14.0,0,0,220845,$65.00 ,,S,,,"Somerset / Bernardsville, NJ"
570,2,1,female,50.0,0,0,F.C.C. 13531,$10.50 ,,S,9,,"Indianapolis, IN"
571,2,0,male,23.0,0,0,233639,$13.00 ,,S,,,
572,2,1,female,28.0,0,0,240929,$12.65 ,,S,,,"Columbus, OH"
573,2,1,female,27.0,0,0,34218,$10.50 ,E101,S,16,,"Bath, England / Massachusetts"
574,2,0,male,29.0,1,0,11668,$21.00 ,,S,,,"Plymouth, England"
575,2,0,female,27.0,1,0,11668,$21.00 ,,S,,,"Plymouth, England"
576,2,0,male,40.0,0,0,28221,$13.00 ,,S,,,"Barre, Co Washington, VT"
577,2,1,female,31.0,0,0,F.C.C. 13528,$21.00 ,,S,14,,"Mamaroneck, NY"
578,2,0,male,30.0,1,0,CA 31352,$21.00 ,,S,,,"Bristol, England / New Britain, CT"
579,2,0,male,23.0,1,0,28666,$10.50 ,,S,,,
580,2,1,female,31.0,0,0,CA 31352,$21.00 ,,S,10,,"Bristol, England / New Britain, CT"
581,2,0,male,,0,0,239856,$0.00 ,,S,,,Belfast
582,2,1,female,12.0,0,0,C.A. 33595,$15.75 ,,S,9,,"Aberdeen / Portland, OR"
583,2,1,female,40.0,0,0,C.A. 33595,$15.75 ,,S,9,,"Aberdeen / Portland, OR"
584,2,1,female,32.5,0,0,27267,$13.00 ,E101,S,12,,"England / Hartford, CT"
585,2,0,male,27.0,1,0,228414,$26.00 ,,S,,293.0,"Bromsgrove, England / Montreal, PQ"
586,2,1,female,29.0,1,0,228414,$26.00 ,,S,10,,"Bromsgrove, England / Montreal, PQ"
587,2,1,male,2.0,1,1,29103,$23.00 ,,S,14,,"Cornwall / Akron, OH"
588,2,1,female,4.0,1,1,29103,$23.00 ,,S,14,,"Cornwall / Akron, OH"
589,2,1,female,29.0,0,2,29103,$23.00 ,,S,14,,"Cornwall / Akron, OH"
590,2,1,female,0.9167,1,2,C.A. 34651,$27.75 ,,S,10,,"Bournmouth, England"
591,2,1,female,5.0,1,2,C.A. 34651,$27.75 ,,S,10,,"Bournmouth, England"
592,2,0,male,36.0,1,2,C.A. 34651,$27.75 ,,S,,,"Bournmouth, England"
593,2,1,female,33.0,1,2,C.A. 34651,$27.75 ,,S,10,,"Bournmouth, England"
594,2,0,male,66.0,0,0,C.A. 24579,$10.50 ,,S,,,"Guernsey, England / Edgewood, RI"
595,2,0,male,,0,0,SC/PARIS 2159,$12.88 ,,S,,,
596,2,1,male,31.0,0,0,244270,$13.00 ,,S,9,,"London, England"
597,2,1,male,,0,0,244373,$13.00 ,,S,14,,"Harrow, England"
598,2,1,female,26.0,0,0,220844,$13.50 ,,S,9,,"Yoevil, England / Cottage Grove, OR"
599,2,0,female,24.0,0,0,248747,$13.00 ,,S,,,Paris
600,3,0,male,42.0,0,0,C.A. 5547,$7.55 ,,S,,,
601,3,0,male,13.0,0,2,C.A. 2673,$20.25 ,,S,,,"East Providence, RI"
602,3,0,male,16.0,1,1,C.A. 2673,$20.25 ,,S,,190.0,"East Providence, RI"
603,3,1,female,35.0,1,1,C.A. 2673,$20.25 ,,S,A,,"East Providence, RI"
604,3,1,female,16.0,0,0,348125,$7.65 ,,S,16,,"Norway Los Angeles, CA"
605,3,1,male,25.0,0,0,348122,$7.65 ,F G63,S,A,,"Perkins County, SD"
606,3,1,male,20.0,0,0,SOTON/O2 3101284,$7.93 ,,S,15,,"Taalintehdas, Finland Hoboken, NJ"
607,3,1,female,18.0,0,0,2657,$7.23 ,,C,C,,"Greensburg, PA"
608,3,0,male,30.0,0,0,C 7076,$7.25 ,,S,,72.0,"Asarum, Sweden Brooklyn, NY"
609,3,0,male,26.0,0,0,341826,$8.05 ,,S,,103.0,"Bournemouth, England"
610,3,0,female,40.0,1,0,7546,$9.48 ,,S,,,"Sweden Akeley, MN"
611,3,1,male,0.8333,0,1,392091,$9.35 ,,S,11,,"London, England Norfolk, VA"
612,3,1,female,18.0,0,1,392091,$9.35 ,,S,13,,"London, England Norfolk, VA"
613,3,1,male,26.0,0,0,2699,$18.79 ,,C,15,,"Syria Fredericksburg, VA"
614,3,0,male,26.0,0,0,3474,$7.89 ,,S,,,"England Albion, NY"
615,3,0,male,20.0,0,0,SOTON/O2 3101287,$7.93 ,,S,,,"Salo, Finland Astoria, OR"
616,3,0,male,24.0,0,0,SOTON/O.Q. 3101311,$7.05 ,,S,,,
617,3,0,male,25.0,0,0,SOTON/O.Q. 3101312,$7.05 ,,S,,79.0,Argentina
618,3,0,male,35.0,0,0,373450,$8.05 ,,S,,,"Lower Clapton, Middlesex or Erdington, Birmingham"
619,3,0,male,18.0,0,0,2223,$8.30 ,,S,,259.0,"Windsor, England New York, NY"
620,3,0,male,32.0,0,0,C 4001,$22.53 ,,S,,260.0,"Bergen, Norway"
621,3,1,female,19.0,1,0,350046,$7.85 ,,S,16,,
622,3,0,male,4.0,4,2,347082,$31.28 ,,S,,,"Sweden Winnipeg, MN"
623,3,0,female,6.0,4,2,347082,$31.28 ,,S,,,"Sweden Winnipeg, MN"
624,3,0,female,2.0,4,2,347082,$31.28 ,,S,,,"Sweden Winnipeg, MN"
625,3,1,female,17.0,4,2,3101281,$7.93 ,,S,D,,"Ruotsinphyhtaa, Finland New York, NY"
626,3,0,female,38.0,4,2,347091,$7.78 ,,S,,,"Vadsbro, Sweden Ministee, MI"
627,3,0,female,9.0,4,2,347082,$31.28 ,,S,,,"Sweden Winnipeg, MN"
628,3,0,female,11.0,4,2,347082,$31.28 ,,S,,,"Sweden Winnipeg, MN"
629,3,0,male,39.0,1,5,347082,$31.28 ,,S,,,"Sweden Winnipeg, MN"
630,3,1,male,27.0,0,0,350043,$7.80 ,,S,A,,
631,3,0,male,26.0,0,0,347075,$7.78 ,,S,,,"Hartford, CT"
632,3,0,female,39.0,1,5,347082,$31.28 ,,S,,,"Sweden Winnipeg, MN"
633,3,0,male,20.0,0,0,347466,$7.85 ,,S,,,"Sweden Chicago, IL"
634,3,0,male,26.0,0,0,349202,$7.90 ,,S,,,"Bulgaria Chicago, IL"
635,3,0,male,25.0,1,0,349237,$17.80 ,,S,,,"Altdorf, Switzerland"
636,3,0,female,18.0,1,0,349237,$17.80 ,,S,,,"Altdorf, Switzerland"
637,3,0,male,24.0,0,0,349911,$7.78 ,,S,,,"Sweden Joliet, IL"
638,3,0,male,35.0,0,0,SOTON/O.Q. 3101310,$7.05 ,,S,,,
639,3,0,male,5.0,4,2,347077,$31.39 ,,S,,,"Sweden  Worcester, MA"
640,3,0,male,9.0,4,2,347077,$31.39 ,,S,,,"Sweden Worcester, MA"
641,3,1,male,3.0,4,2,347077,$31.39 ,,S,15,,"Sweden Worcester, MA"
642,3,0,male,13.0,4,2,347077,$31.39 ,,S,,,"Sweden Worcester, MA"
643,3,1,female,5.0,4,2,347077,$31.39 ,,S,15,,"Sweden Worcester, MA"
644,3,0,male,40.0,1,5,347077,$31.39 ,,S,,142.0,"Sweden  Worcester, MA"
645,3,1,male,23.0,0,0,350054,$7.80 ,,S,13,,"Oskarshamn, Sweden Minneapolis, MN"
646,3,1,female,38.0,1,5,347077,$31.39 ,,S,15,,"Sweden  Worcester, MA"
647,3,1,female,45.0,0,0,2696,$7.23 ,,C,C,,"Ottawa, ON"
648,3,0,male,21.0,0,0,2692,$7.23 ,,C,,,"Ottawa, ON"
649,3,0,male,23.0,0,0,SOTON/O.Q. 3101309,$7.05 ,,S,,,
650,3,0,female,17.0,0,0,2627,$14.46 ,,C,,,
651,3,0,male,30.0,0,0,2694,$7.23 ,,C,,,"Ottawa, ON"
652,3,0,male,23.0,0,0,347468,$7.85 ,,S,,,"Krakoryd, Sweden Bloomington, IL"
653,3,1,female,13.0,0,0,2687,$7.23 ,,C,C,,"Syria Youngstown, OH"
654,3,0,male,20.0,0,0,2679,$7.23 ,,C,,,
655,3,0,male,32.0,1,0,3101278,$15.85 ,,S,D,,"Ruotsinphytaa, Finland New York, NY"
656,3,1,female,33.0,3,0,3101278,$15.85 ,,S,,,"Ruotsinphytaa, Finland New York, NY"
657,3,1,female,0.75,2,1,2666,$19.26 ,,C,C,,"Syria New York, NY"
658,3,1,female,0.75,2,1,2666,$19.26 ,,C,C,,"Syria New York, NY"
659,3,1,female,5.0,2,1,2666,$19.26 ,,C,C,,"Syria New York, NY"
660,3,1,female,24.0,0,3,2666,$19.26 ,,C,C,,"Syria New York, NY"
661,3,1,female,18.0,0,0,A/4 31416,$8.05 ,,S,C,,"London Skanteales, NY"
662,3,0,male,40.0,0,0,2623,$7.23 ,,C,,,
663,3,0,male,26.0,0,0,349248,$7.90 ,,S,,,
664,3,1,male,20.0,0,0,2663,$7.23 ,,C,15,,
665,3,0,female,18.0,0,1,2691,$14.45 ,,C,,,"Syria Ottawa, ON"
666,3,0,female,45.0,0,1,2691,$14.45 ,,C,,,"Syria Ottawa, ON"
667,3,0,female,27.0,0,0,330844,$7.88 ,,Q,,,"New York, NY"
668,3,0,male,22.0,0,0,324669,$8.05 ,,S,,,"England New York, NY"
669,3,0,male,19.0,0,0,323951,$8.05 ,,S,,,England
670,3,0,male,26.0,0,0,347068,$7.78 ,,S,,,"Krakudden, Sweden Moune, IL"
671,3,0,male,22.0,0,0,PP 4348,$9.35 ,,S,,,"Tranvik, Finland New York"
672,3,0,male,,0,0,2622,$7.23 ,,C,,,
673,3,0,male,20.0,0,0,2648,$4.01 ,,C,,,Syria
674,3,1,male,32.0,0,0,1601,$56.50 ,,S,C,,"Hong Kong New York, NY"
675,3,0,male,21.0,0,0,312992,$7.78 ,,S,,,"Brennes, Norway New York"
676,3,0,male,18.0,0,0,347090,$7.75 ,,S,,,"Stockholm, Sweden New York"
677,3,0,male,26.0,0,0,349224,$7.90 ,,S,,,"Bulgaria Chicago, IL"
678,3,0,male,6.0,1,1,2678,$15.25 ,,C,,,"Syria Kent, ON"
679,3,0,female,9.0,1,1,2678,$15.25 ,,C,,,"Syria Kent, ON"
680,3,0,male,,0,0,2664,$7.23 ,,C,,,Syria
681,3,0,female,,0,2,2678,$15.25 ,,C,,,"Syria Kent, ON"
682,3,0,female,,0,2,364848,$7.75 ,,Q,,,"Ireland Chicago, IL"
683,3,0,male,40.0,1,1,364849,$15.50 ,,Q,,,"Ireland Chicago, IL"
684,3,0,female,32.0,1,1,364849,$15.50 ,,Q,,,"Ireland Chicago, IL"
685,3,0,male,21.0,0,0,54636,$16.10 ,,S,,,"Treherbert, Cardiff, Wales"
686,3,1,female,22.0,0,0,334914,$7.73 ,,Q,13,,"Kingwilliamstown, Co Cork, Ireland Glens Falls, NY"
687,3,0,female,20.0,0,0,347471,$7.85 ,,S,,,"Medeltorp, Sweden Chicago, IL"
688,3,0,male,29.0,1,0,3460,$7.05 ,,S,,,"Bridgerule, Devon"
689,3,0,male,22.0,1,0,A/5 21171,$7.25 ,,S,,,"Bridgerule, Devon"
690,3,0,male,22.0,0,0,350045,$7.80 ,,S,,,"Sweden Worcester, MA"
691,3,0,male,35.0,0,0,364512,$8.05 ,,S,,,"Broomfield, Chelmsford, England"
692,3,0,female,18.5,0,0,329944,$7.28 ,,Q,,299.0,"Co Cork, Ireland Roxbury, MA"
693,3,1,male,21.0,0,0,330920,$7.82 ,,Q,13,,"Kingwilliamstown, Co Cork, Ireland New York, NY"
694,3,0,male,19.0,0,0,365222,$6.75 ,,Q,,,"Co Cork, Ireland Charlestown, MA"
695,3,0,female,18.0,0,0,330963,$7.88 ,,Q,,,"Co Sligo, Ireland New York, NY"
696,3,0,female,21.0,0,0,315087,$8.66 ,,S,,,
697,3,0,female,30.0,0,0,315084,$8.66 ,,S,,,
698,3,0,male,18.0,0,0,315091,$8.66 ,,S,,,
699,3,0,male,38.0,0,0,315089,$8.66 ,,S,,,Croatia
700,3,0,male,17.0,0,0,315093,$8.66 ,,S,,,
701,3,0,male,17.0,0,0,315086,$8.66 ,,S,,,
702,3,0,female,21.0,0,0,364846,$7.75 ,,Q,,,
703,3,0,male,21.0,0,0,364858,$7.75 ,,Q,,,"Ireland Philadelphia, PA"
704,3,0,male,21.0,0,0,A./5. 2152,$8.05 ,,S,,,
705,3,0,male,,1,0,2689,$14.46 ,,C,,,"Ottawa, ON"
706,3,0,female,,1,0,2689,$14.46 ,,C,,,"Ottawa, ON"
707,3,0,male,28.0,0,0,350042,$7.80 ,,S,,,"Dagsas, Sweden Fower, MN"
708,3,0,male,24.0,0,0,350409,$7.85 ,,S,,,"Goteborg, Sweden Huntley, IL"
709,3,1,female,16.0,0,0,367231,$7.75 ,,Q,16,,"Co Longford, Ireland New York, NY"
710,3,0,female,37.0,0,0,368364,$7.75 ,,Q,,,"Co Sligo, Ireland Hartford, CT"
711,3,0,male,28.0,0,0,392095,$7.25 ,,S,,,"St Denys, Southampton, Hants"
712,3,0,male,24.0,0,0,343275,$8.05 ,,S,,,London
713,3,0,male,21.0,0,0,A/5. 13032,$7.73 ,,Q,,,"Ireland New York, NY"
714,3,1,male,32.0,0,0,1601,$56.50 ,,S,C,,"Hong Kong New York, NY"
715,3,0,male,29.0,0,0,343276,$8.05 ,,S,,,
716,3,0,male,26.0,1,0,2680,$14.45 ,,C,,,Greece
717,3,0,male,18.0,1,0,2680,$14.45 ,,C,,,Greece
718,3,0,male,20.0,0,0,SOTON/O.Q. 3101307,$7.05 ,,S,,,Portugal
719,3,1,male,18.0,0,0,A/5 3540,$8.05 ,,S,12,,"London Brooklyn, NY"
720,3,0,male,24.0,0,0,371109,$7.25 ,,Q,,,"Co Limerick, Ireland Sherbrooke, PQ"
721,3,0,male,36.0,0,0,349210,$7.50 ,,S,,,"Bulgaria Chicago, IL"
722,3,0,male,24.0,0,0,349209,$7.50 ,,S,,,
723,3,0,male,31.0,0,0,21332,$7.73 ,,Q,,,"Philadelphia, PA"
724,3,0,male,31.0,0,0,335097,$7.75 ,,Q,,,"Ireland Brooklyn, NY"
725,3,1,female,22.0,0,0,370373,$7.75 ,,Q,13,,Ireland
726,3,0,female,30.0,0,0,330972,$7.63 ,,Q,,,Ireland
727,3,0,male,70.5,0,0,370369,$7.75 ,,Q,,171.0,
728,3,0,male,43.0,0,0,A/5 3536,$8.05 ,,S,,,
729,3,0,male,35.0,0,0,349230,$7.90 ,,S,,,Austria
730,3,0,male,27.0,0,0,349229,$7.90 ,,S,,,Austria
731,3,0,male,19.0,0,0,349231,$7.90 ,,S,,,Austria
732,3,0,male,30.0,0,0,SOTON/OQ 392090,$8.05 ,,S,,,London
733,3,1,male,9.0,1,1,C.A. 37671,$15.90 ,,S,2,,"England Brooklyn, NY"
734,3,1,male,3.0,1,1,C.A. 37671,$15.90 ,,S,2,,"England Brooklyn, NY"
735,3,1,female,36.0,0,2,C.A. 37671,$15.90 ,,S,2,,"England Brooklyn, NY"
736,3,0,male,59.0,0,0,364500,$7.25 ,,S,,,"Merrill, WI"
737,3,0,male,19.0,0,0,S.P. 3464,$8.16 ,,S,,,"Bristol, England Cleveland, OH"
738,3,1,female,17.0,0,1,371362,$16.10 ,,S,12,,"Bournemouth, England Newark, NJ"
739,3,0,male,44.0,0,1,371362,$16.10 ,,S,,,"Bournemouth, England Newark, NJ"
740,3,0,male,17.0,0,0,315090,$8.66 ,,S,,,Austria-Hungary
741,3,0,male,22.5,0,0,2698,$7.23 ,,C,,9.0,
742,3,1,male,45.0,0,0,7598,$8.05 ,,S,15,,"Australia Fingal, ND"
743,3,0,female,22.0,0,0,7552,$10.52 ,,S,,,"Norrlot, Sweden Chicago, IL"
744,3,0,male,19.0,0,0,349228,$10.17 ,,S,,,Austria
745,3,1,female,30.0,0,0,382650,$6.95 ,,Q,15,,"Co Athlone, Ireland New York, NY"
746,3,1,male,29.0,0,0,382651,$7.75 ,,Q,13 15 B,,"Co Athlone, Ireland New York, NY"
747,3,0,male,0.3333,0,2,347080,$14.40 ,,S,,,"Stanton, IA"
748,3,0,male,34.0,1,1,347080,$14.40 ,,S,,197.0,"Stanton, IA"
749,3,0,female,28.0,1,1,347080,$14.40 ,,S,,,"Stanton, IA"
750,3,0,male,27.0,0,0,349219,$7.90 ,,S,,,"Bulgaria Chicago, IL"
751,3,0,male,25.0,0,0,349203,$7.90 ,,S,,,"Bulgaria Chicago, IL"
752,3,0,male,24.0,2,0,A/4 48871,$24.15 ,,S,,,"West Bromwich, England Pontiac, MI"
753,3,0,male,22.0,0,0,SC/A4 23568,$8.05 ,,S,,,
754,3,0,male,21.0,2,0,A/4 48871,$24.15 ,,S,,,"West Bromwich, England Pontiac, MI"
755,3,0,male,17.0,2,0,A/4 48873,$8.05 ,,S,,,"West Bromwich, England Pontiac, MI"
756,3,0,male,,1,0,386525,$16.10 ,,S,,,"Liverpool, England Bedford, OH"
757,3,1,female,,1,0,386525,$16.10 ,,S,16,,"Liverpool, England Bedford, OH"
758,3,1,male,36.5,1,0,345572,$17.40 ,,S,15,,"Tampico, MT"
759,3,1,female,36.0,1,0,345572,$17.40 ,,S,13,,"Tampico, MT"
760,3,1,male,30.0,0,0,345774,$9.50 ,,S,11,,"Belgium Detroit, MI"
761,3,0,male,16.0,0,0,345778,$9.50 ,,S,,,
762,3,1,male,1.0,1,2,C.A. 2315,$20.58 ,,S,10,,"Devon, England Wichita, KS"
763,3,1,female,0.1667,1,2,C.A. 2315,$20.58 ,,S,10,,"Devon, England Wichita, KS"
764,3,0,male,26.0,1,2,C.A. 2315,$20.58 ,,S,,,"Devon, England Wichita, KS"
765,3,1,female,33.0,1,2,C.A. 2315,$20.58 ,,S,10,,"Devon, England Wichita, KS"
766,3,0,male,25.0,0,0,349250,$7.90 ,,S,,,
767,3,0,male,,0,0,349238,$7.90 ,,S,,,
768,3,0,male,,0,0,349225,$7.90 ,,S,,,"Bulgaria Coon Rapids, IA"
769,3,0,male,22.0,0,0,A/5 21172,$7.25 ,,S,,,
770,3,0,male,36.0,0,0,A/5 21175,$7.25 ,,S,,,
771,3,1,female,19.0,0,0,330958,$7.88 ,,Q,C,,"Kilmacowen, Co Sligo, Ireland New York, NY"
772,3,0,male,17.0,0,0,349232,$7.90 ,,S,,,
773,3,0,male,42.0,0,0,315088,$8.66 ,,S,,,
774,3,0,male,43.0,0,0,349226,$7.90 ,,S,,,
775,3,0,male,,0,0,2686,$7.23 ,,C,,,
776,3,0,male,32.0,0,0,370376,$7.75 ,,Q,,,"Ireland New York, NY"
777,3,1,male,19.0,0,0,A/5. 10482,$8.05 ,,S,B,,"England Oglesby, IL"
778,3,1,female,30.0,0,0,364516,$12.48 ,,S,13,,"Union Hill, NJ"
779,3,0,female,24.0,0,0,368702,$7.75 ,,Q,,,"Ireland New York, NY"
780,3,1,female,23.0,0,0,SOTON/OQ 392083,$8.05 ,,S,,,"London New York, NY"
781,3,0,male,33.0,0,0,349241,$7.90 ,,C,,51.0,"Austria Niagara Falls, NY"
782,3,0,male,65.0,0,0,336439,$7.75 ,,Q,,,
783,3,1,male,24.0,0,0,S.O./P.P. 752,$7.55 ,,S,D,,"England Albion, NY"
784,3,0,male,23.0,1,0,347072,$13.90 ,,S,,,"West Haven, CT"
785,3,1,female,22.0,1,0,347072,$13.90 ,,S,16,,"West Haven, CT"
786,3,0,male,18.0,0,0,349912,$7.78 ,,S,,,"Tofta, Sweden Joliet, IL"
787,3,0,male,16.0,0,0,347074,$7.78 ,,S,,,"Karberg, Sweden Jerome Junction, AZ"
788,3,0,male,45.0,0,0,347061,$6.98 ,,S,,,"Effington Rut, SD"
789,3,0,male,,0,0,2674,$7.23 ,,C,,,
790,3,0,male,39.0,0,2,2675,$7.23 ,,C,,,"Syria Ottawa, ON"
791,3,0,male,17.0,1,1,2690,$7.23 ,,C,,,
792,3,0,male,15.0,1,1,2695,$7.23 ,,C,,,Syria
793,3,0,male,47.0,0,0,A/5 3902,$7.25 ,,S,,,"Illinois, USA"
794,3,1,female,5.0,0,0,364516,$12.48 ,,S,13,,"New York, NY"
795,3,0,male,,0,0,2631,$7.23 ,,C,,,
796,3,0,male,40.5,0,0,C.A. 6212,$15.10 ,,S,,187.0,
797,3,0,male,40.5,0,0,367232,$7.75 ,,Q,,68.0,"Aughnacliff, Co Longford, Ireland New York, NY"
798,3,1,male,,0,0,SOTON/O.Q. 3101308,$7.05 ,,S,15,,"Italy Philadelphia, PA"
799,3,0,male,18.0,0,0,350036,$7.80 ,,S,,,
800,3,0,female,,0,0,364859,$7.75 ,,Q,,,
801,3,0,male,,0,0,364851,$7.75 ,,Q,,,
802,3,0,male,,0,0,368323,$6.95 ,,Q,,,
803,3,0,male,26.0,0,0,330910,$7.88 ,,Q,,,"Ireland Chicago, IL"
804,3,0,male,,0,0,365235,$7.75 ,,Q,,,Ireland
805,3,1,male,,0,0,1601,$56.50 ,,S,13,,"Hong Kong New York, NY"
806,3,0,female,21.0,2,2,W./C. 6608,$34.38 ,,S,,,"Rotherfield, Sussex, England Essex Co, MA"
807,3,0,female,9.0,2,2,W./C. 6608,$34.38 ,,S,,,"Rotherfield, Sussex, England Essex Co, MA"
808,3,0,male,,0,0,A/5 1478,$8.05 ,,S,,,"Bridgwater, Somerset, England"
809,3,0,male,18.0,2,2,W./C. 6608,$34.38 ,,S,,,"Rotherfield, Sussex, England Essex Co, MA"
810,3,0,male,16.0,1,3,W./C. 6608,$34.38 ,,S,,,"Rotherfield, Sussex, England Essex Co, MA"
811,3,0,female,48.0,1,3,W./C. 6608,$34.38 ,,S,,,"Rotherfield, Sussex, England Essex Co, MA"
812,3,0,male,,0,0,368573,$7.75 ,,Q,,,"Ireland New York, NY"
813,3,0,male,,0,0,SOTON/O.Q. 3101314,$7.25 ,,S,,,
814,3,0,male,25.0,0,0,36864,$7.74 ,,Q,,,"New York, NY"
815,3,0,male,,0,0,358585,$14.50 ,,S,,,
816,3,0,male,,0,0,349254,$7.90 ,,C,,,
817,3,0,male,22.0,0,0,14973,$8.05 ,,S,,47.0,
818,3,1,female,16.0,0,0,35851,$7.73 ,,Q,16,,"Co Longford, Ireland New York, NY"
819,3,1,female,,0,0,335677,$7.75 ,,Q,13,,"Co Clare, Ireland Washington, DC"
820,3,1,male,9.0,0,2,363291,$20.53 ,,S,C D,,"Strood, Kent, England Detroit, MI"
821,3,0,male,33.0,1,1,363291,$20.53 ,,S,,,"Strood, Kent, England Detroit, MI"
822,3,0,male,41.0,0,0,SOTON/O.Q. 3101263,$7.85 ,,S,,,"Philadelphia, PA"
823,3,1,female,31.0,1,1,363291,$20.53 ,,S,C D,,"Strood, Kent, England Detroit, MI"
824,3,0,male,38.0,0,0,SOTON/O.Q. 3101306,$7.05 ,,S,,,Portugal
825,3,0,male,9.0,5,2,CA 2144,$46.90 ,,S,,,"Wiltshire, England Niagara Falls, NY"
826,3,0,male,1.0,5,2,CA 2144,$46.90 ,,S,,,"Wiltshire, England Niagara Falls, NY"
827,3,0,male,11.0,5,2,CA 2144,$46.90 ,,S,,,"Wiltshire, England Niagara Falls, NY"
828,3,0,female,10.0,5,2,CA 2144,$46.90 ,,S,,,"Wiltshire, England Niagara Falls, NY"
829,3,0,female,16.0,5,2,CA 2144,$46.90 ,,S,,,"Wiltshire, England Niagara Falls, NY"
830,3,0,male,14.0,5,2,CA 2144,$46.90 ,,S,,,"Wiltshire, England Niagara Falls, NY"
831,3,0,male,40.0,1,6,CA 2144,$46.90 ,,S,,,"Wiltshire, England Niagara Falls, NY"
832,3,0,female,43.0,1,6,CA 2144,$46.90 ,,S,,,"Wiltshire, England Niagara Falls, NY"
833,3,0,male,51.0,0,0,21440,$8.05 ,,S,,,"Dorking, Surrey, England"
834,3,0,male,32.0,0,0,8471,$8.36 ,,S,,,"Foresvik, Norway Portland, ND"
835,3,0,male,,0,0,376563,$8.05 ,,S,,,
836,3,0,male,20.0,0,0,7534,$9.85 ,,S,,,"Waukegan, Chicago, IL"
837,3,0,male,37.0,2,0,3101276,$7.93 ,,S,,98.0,"Ruotsinphytaa, Finland New York, NY"
838,3,0,male,28.0,2,0,3101277,$7.93 ,,S,,,"Ruotsinphytaa, Finland New York, NY"
839,3,0,male,19.0,0,0,347069,$7.78 ,,S,,,"Myren, Sweden New York, NY"
840,3,0,female,24.0,0,0,349236,$8.85 ,,S,,,
841,3,0,female,17.0,0,0,AQ/3. 30631,$7.73 ,,Q,,,
842,3,0,male,,1,0,65303,$19.97 ,,S,,,
843,3,0,male,,1,0,65304,$19.97 ,,S,,,
844,3,0,male,28.0,1,0,STON/O2. 3101279,$15.85 ,,S,,,
845,3,1,female,24.0,1,0,STON/O2. 3101279,$15.85 ,,S,15,,
846,3,0,male,20.0,0,0,345769,$9.50 ,,S,,,
847,3,0,male,23.5,0,0,2693,$7.23 ,,C,,188.0,
848,3,0,male,41.0,2,0,350026,$14.11 ,,S,,,
849,3,0,male,26.0,1,0,350025,$7.85 ,,S,,,
850,3,0,male,21.0,0,0,350029,$7.85 ,,S,,69.0,
851,3,1,female,45.0,1,0,350026,$14.11 ,,S,11,,
852,3,0,female,,0,0,W./C. 6609,$7.55 ,,S,,,
853,3,0,male,25.0,0,0,374887,$7.25 ,,S,B,,
854,3,0,male,,0,0,394140,$6.86 ,,Q,,,
855,3,0,male,11.0,0,0,2699,$18.79 ,,C,,,
856,3,1,female,,0,0,370375,$7.75 ,,Q,16,,
857,3,1,male,27.0,0,0,347089,$6.98 ,,S,15,,
858,3,1,male,,0,0,1601,$56.50 ,,S,C,,
859,3,0,female,18.0,0,0,365226,$6.75 ,,Q,,,
860,3,1,female,26.0,0,0,STON/O2. 3101282,$7.93 ,,S,,,
861,3,0,female,23.0,0,0,STON/O2. 3101290,$7.93 ,,S,,,
862,3,1,female,22.0,0,0,7548,$8.96 ,,S,C,,
863,3,0,male,28.0,0,0,349243,$7.90 ,,S,,306.0,
864,3,0,female,28.0,0,0,347086,$7.78 ,,S,,,
865,3,0,female,,0,0,382649,$7.75 ,,Q,,,
866,3,1,female,2.0,0,1,3101298,$12.29 ,,S,15,,
867,3,1,female,22.0,1,1,3101298,$12.29 ,,S,15,,
868,3,0,male,43.0,0,0,C 7075,$6.45 ,,S,,,
869,3,0,male,28.0,0,0,C 4001,$22.53 ,,S,,,
870,3,1,female,27.0,0,0,STON/O2. 3101283,$7.93 ,,S,,,
871,3,0,male,,0,0,370377,$7.75 ,,Q,,,
872,3,1,female,,0,0,A. 2. 39186,$8.05 ,,S,C,,
873,3,0,male,42.0,0,0,348121,$7.65 ,F G63,S,,120.0,
874,3,1,male,,0,0,3470,$7.89 ,,S,C,,
875,3,0,male,30.0,0,0,2685,$7.23 ,,C,,,
876,3,0,male,,0,0,349220,$7.90 ,,S,,,
877,3,0,female,27.0,1,0,STON/O2. 3101270,$7.93 ,,S,,,
878,3,0,female,25.0,1,0,STON/O2. 3101271,$7.93 ,,S,,,
879,3,0,male,,0,0,349201,$7.90 ,,S,,,
880,3,1,male,29.0,0,0,349240,$7.90 ,,C,15,,
881,3,1,male,21.0,0,0,350034,$7.80 ,,S,A,,
882,3,0,male,,0,0,SOTON/O.Q. 3101305,$7.05 ,,S,,,
883,3,0,male,20.0,0,0,350050,$7.85 ,,S,,,
884,3,0,male,48.0,0,0,350047,$7.85 ,,S,,,
885,3,0,male,17.0,1,0,350048,$7.05 ,,S,,,
886,3,1,female,,0,0,14313,$7.75 ,,Q,D,,
887,3,1,male,,0,0,65306,$8.11 ,,S,13,,
888,3,0,male,34.0,0,0,3101264,$6.50 ,,S,,143.0,
889,3,1,male,26.0,0,0,347070,$7.78 ,,S,15,,
890,3,0,male,22.0,0,0,350052,$7.80 ,,S,,156.0,
891,3,0,male,33.0,0,0,7540,$8.65 ,,S,,285.0,
892,3,0,male,31.0,0,0,347063,$7.78 ,,S,,,
893,3,0,male,29.0,0,0,347467,$7.85 ,,S,,,
894,3,1,male,4.0,1,1,347742,$11.13 ,,S,15,,
895,3,1,female,1.0,1,1,347742,$11.13 ,,S,15,,
896,3,0,male,49.0,0,0,LINE,$0.00 ,,S,,,
897,3,0,male,33.0,0,0,347062,$7.78 ,,S,,37.0,
898,3,0,male,19.0,0,0,LINE,$0.00 ,,S,,,
899,3,1,female,27.0,0,2,347742,$11.13 ,,S,15,,
900,3,0,male,,1,2,W./C. 6607,$23.45 ,,S,,,
901,3,0,female,,1,2,W./C. 6607,$23.45 ,,S,,,
902,3,0,male,,1,2,W./C. 6607,$23.45 ,,S,,,
903,3,0,female,,1,2,W./C. 6607,$23.45 ,,S,,,
904,3,0,male,23.0,0,0,349204,$7.90 ,,S,,,
905,3,1,male,32.0,0,0,350417,$7.85 ,,S,15,,
906,3,0,male,27.0,0,0,350408,$7.85 ,,S,,,
907,3,0,female,20.0,1,0,4136,$9.83 ,,S,,,
908,3,0,female,21.0,1,0,4137,$9.83 ,,S,,,
909,3,1,male,32.0,0,0,STON/O 2. 3101286,$7.93 ,,S,15,,
910,3,0,male,17.0,0,0,STON/O 2. 3101274,$7.13 ,,S,,,
911,3,0,male,21.0,0,0,8475,$8.43 ,,S,,,
912,3,0,male,30.0,0,0,349246,$7.90 ,,S,,,
913,3,1,male,21.0,0,0,350053,$7.80 ,,S,13,,
914,3,0,male,33.0,0,0,347465,$7.85 ,,S,,,
915,3,0,male,22.0,0,0,350060,$7.52 ,,S,,,
916,3,1,female,4.0,0,1,349256,$13.42 ,,C,15,,
917,3,1,male,39.0,0,1,349256,$13.42 ,,C,15,,
918,3,0,male,,0,0,2700,$7.23 ,,C,,,
919,3,0,male,18.5,0,0,2682,$7.23 ,,C,,58.0,
920,3,0,male,,0,0,12460,$7.75 ,,Q,,,
921,3,0,male,,0,0,323592,$7.25 ,,S,A,,
922,3,1,female,,0,0,9234,$7.75 ,,Q,16,,
923,3,1,female,,0,0,14312,$7.75 ,,Q,D,,
924,3,0,male,34.5,0,0,330911,$7.83 ,,Q,,70.0,
925,3,0,male,44.0,0,0,363592,$8.05 ,,S,,,
926,3,1,male,,0,0,368783,$7.75 ,,Q,,,
927,3,0,male,,1,0,2660,$14.45 ,,C,,,
928,3,0,female,,1,0,2660,$14.45 ,,C,,,
929,3,0,male,,1,0,367227,$7.75 ,,Q,,,
930,3,0,male,,1,0,367229,$7.75 ,,Q,,,
931,3,0,male,,0,0,36865,$7.74 ,,Q,,,
932,3,0,female,22.0,2,0,315152,$8.66 ,,S,,,
933,3,0,male,26.0,2,0,315151,$8.66 ,,S,,,
934,3,1,female,4.0,0,2,315153,$22.03 ,,S,2,,
935,3,1,male,29.0,3,1,315153,$22.03 ,,S,2,,
936,3,1,female,26.0,1,1,315153,$22.03 ,,S,2,,
937,3,0,female,1.0,1,1,350405,$12.18 ,,S,,,
938,3,0,male,18.0,1,1,350404,$7.85 ,,S,,,
939,3,0,female,36.0,0,2,350405,$12.18 ,,S,,,
940,3,0,male,,0,0,349253,$7.90 ,,C,,,
941,3,1,male,25.0,0,0,2654,$7.23 ,F E57,C,10,,
942,3,0,male,,0,0,2624,$7.23 ,,C,,,
943,3,0,female,37.0,0,0,4135,$9.59 ,,S,,,
944,3,0,male,,0,0,349217,$7.90 ,,S,,,
945,3,1,male,,0,0,1601,$56.50 ,,S,C,,
946,3,0,male,,0,0,1601,$56.50 ,,S,,,
947,3,1,female,22.0,0,0,C 7077,$7.25 ,,S,13,,
948,3,0,male,,0,0,7935,$7.75 ,,Q,,,
949,3,1,male,26.0,0,0,1601,$56.50 ,,S,14,,
950,3,0,male,29.0,0,0,7545,$9.48 ,,S,,,
951,3,0,male,29.0,0,0,347067,$7.78 ,,S,,,
952,3,0,male,22.0,0,0,347065,$7.78 ,,S,,,
953,3,1,male,22.0,0,0,2620,$7.23 ,,C,6,,
954,3,0,male,,3,1,4133,$25.47 ,,S,,,
955,3,0,female,,3,1,4133,$25.47 ,,S,,,
956,3,0,female,,3,1,4133,$25.47 ,,S,,,
957,3,0,female,,3,1,4133,$25.47 ,,S,,,
958,3,0,female,,0,4,4133,$25.47 ,,S,,,
959,3,0,male,32.0,0,0,STON/O 2. 3101292,$7.93 ,,S,,,
960,3,0,male,34.5,0,0,2683,$6.44 ,,C,,196.0,
961,3,0,female,,1,0,370371,$15.50 ,,Q,,,
962,3,0,male,,1,0,370371,$15.50 ,,Q,,,
963,3,0,male,36.0,0,0,LINE,$0.00 ,,S,,,
964,3,0,male,39.0,0,0,A/4 48871,$24.15 ,,S,,,
965,3,0,male,24.0,0,0,345781,$9.50 ,,S,,,
966,3,0,female,25.0,0,0,347071,$7.78 ,,S,,,
967,3,0,female,45.0,0,0,347073,$7.75 ,,S,,,
968,3,0,male,36.0,1,0,349910,$15.55 ,,S,A,,
969,3,0,female,30.0,1,0,349910,$15.55 ,,S,A,,
970,3,1,male,20.0,1,0,STON/O 2. 3101285,$7.93 ,,S,15,,
971,3,0,male,,0,0,330971,$7.88 ,,Q,,,
972,3,0,male,28.0,0,0,1601,$56.50 ,,S,,,
973,3,0,male,,0,0,S.O./P.P. 251,$7.55 ,,S,,,
974,3,0,male,30.0,1,0,A/5. 3336,$16.10 ,,S,,,
975,3,0,female,26.0,1,0,A/5. 3336,$16.10 ,,S,,,
976,3,0,male,,0,0,1222,$7.88 ,,S,,153.0,
977,3,0,male,20.5,0,0,A/5 21173,$7.25 ,,S,,,
978,3,1,male,27.0,0,0,315098,$8.66 ,,S,15,,
979,3,0,male,51.0,0,0,347743,$7.05 ,,S,,,
980,3,1,female,23.0,0,0,347469,$7.85 ,,S,10,,
981,3,1,male,32.0,0,0,350403,$7.58 ,,S,15,,
982,3,0,male,,0,0,349235,$7.90 ,,S,,,
983,3,0,male,,0,0,C.A. 42795,$7.55 ,,S,,,
984,3,1,female,,0,0,370370,$7.75 ,,Q,15,,
985,3,1,male,24.0,0,0,C 17369,$7.14 ,,S,13,,
986,3,0,male,22.0,0,0,STON/O 2. 3101275,$7.13 ,,S,,,
987,3,0,female,,0,0,330924,$7.88 ,,Q,,,
988,3,0,male,,0,0,AQ/4 3130,$7.75 ,,Q,,,
989,3,0,male,,0,0,A/S 2816,$8.05 ,,S,,,
990,3,0,male,29.0,0,0,STON/O 2. 3101268,$7.93 ,,S,,,
991,3,1,male,,0,0,2677,$7.23 ,,C,15,,
992,3,0,female,30.5,0,0,364850,$7.75 ,,Q,,61.0,
993,3,1,female,,0,0,36866,$7.74 ,,Q,16,,
994,3,0,male,,0,0,2655,$7.23 ,F E46,C,,,
995,3,0,male,35.0,0,0,349213,$7.90 ,,C,,,
996,3,0,male,33.0,0,0,349257,$7.90 ,,S,,,
997,3,1,female,,0,0,2649,$7.23 ,,C,C,,
998,3,0,male,,0,0,349255,$7.90 ,,C,,,
999,3,1,female,,0,0,383123,$7.75 ,,Q,15 16,,
1000,3,1,male,,0,0,367228,$7.75 ,,Q,,,
1001,3,1,female,,2,0,367226,$23.25 ,,Q,16,,
1002,3,1,female,,2,0,367226,$23.25 ,,Q,16,,
1003,3,1,male,,2,0,367226,$23.25 ,,Q,16,,
1004,3,1,female,,0,0,330932,$7.79 ,,Q,13,,
1005,3,0,male,,0,0,36568,$15.50 ,,Q,,,
1006,3,1,female,,0,0,330931,$7.88 ,,Q,13,,
1007,3,1,female,15.0,0,0,330923,$8.03 ,,Q,,,
1008,3,0,female,35.0,0,0,9232,$7.75 ,,Q,,,
1009,3,0,male,,0,0,370372,$7.75 ,,Q,,,
1010,3,0,male,24.0,1,0,376566,$16.10 ,,S,,,
1011,3,0,female,19.0,1,0,376566,$16.10 ,,S,,53.0,
1012,3,0,female,,0,0,370368,$7.75 ,,Q,,,
1013,3,0,female,,0,0,SOTON/O.Q. 392087,$8.05 ,,S,,,
1014,3,0,female,,0,0,343095,$8.05 ,,S,,,
1015,3,0,male,55.5,0,0,A.5. 11206,$8.05 ,,S,,201.0,
1016,3,0,male,,0,0,368703,$7.75 ,,Q,,,
1017,3,1,male,21.0,0,0,345501,$7.78 ,,S,15,,
1018,3,0,male,,0,0,359306,$8.05 ,,S,,,
1019,3,0,male,24.0,0,0,349233,$7.90 ,,S,,,
1020,3,0,male,21.0,0,0,349211,$7.90 ,,S,,,
1021,3,0,male,28.0,0,0,349207,$7.90 ,,S,,,
1022,3,0,male,,0,0,349221,$7.90 ,,S,,,
1023,3,1,female,,0,0,330980,$7.88 ,,Q,16,,
1024,3,0,male,25.0,0,0,348123,$7.65 ,F G73,S,,309.0,
1025,3,1,male,6.0,0,1,392096,$12.48 ,E121,S,14,,
1026,3,1,female,27.0,0,1,392096,$12.48 ,E121,S,14,,
1027,3,0,male,,0,0,A4. 54510,$8.05 ,,S,,,
1028,3,1,female,,1,0,371110,$24.15 ,,Q,16,,
1029,3,0,male,,1,0,371110,$24.15 ,,Q,,,
1030,3,0,male,,0,0,330877,$8.46 ,,Q,,,
1031,3,0,male,34.0,0,0,364506,$8.05 ,,S,,,
1032,3,0,male,,0,0,372622,$7.75 ,,Q,,,
1033,3,1,male,,0,0,312991,$7.78 ,,S,B,,
1034,3,1,male,,1,1,2661,$15.25 ,,C,C,,
1035,3,1,male,,1,1,2661,$15.25 ,,C,C,,
1036,3,1,female,,0,2,2661,$15.25 ,,C,C,,
1037,3,1,female,,0,0,2626,$7.23 ,,C,,,
1038,3,0,male,,0,0,374746,$8.05 ,,S,,,
1039,3,1,female,,0,0,35852,$7.73 ,,Q,16,,
1040,3,1,female,24.0,0,0,382653,$7.75 ,,Q,15,,
1041,3,0,male,,0,0,A./5. 3235,$8.05 ,,S,,,
1042,3,1,female,,1,0,367230,$15.50 ,,Q,16,,
1043,3,1,female,,1,0,367230,$15.50 ,,Q,16,,
1044,3,1,female,,0,0,36568,$15.50 ,,Q,16,,
1045,3,0,male,18.0,0,0,347078,$7.75 ,,S,,,
1046,3,0,male,22.0,0,0,349206,$7.90 ,,S,,,
1047,3,1,female,15.0,0,0,2667,$7.23 ,,C,C,,
1048,3,1,female,1.0,0,2,2653,$15.74 ,,C,C,,
1049,3,1,male,20.0,1,1,2653,$15.74 ,,C,C,,
1050,3,1,female,19.0,1,1,2653,$15.74 ,,C,C,,
1051,3,0,male,33.0,0,0,A./5. 3338,$8.05 ,,S,,,
1052,3,0,male,,0,0,349218,$7.90 ,,S,,,
1053,3,0,male,,0,0,2652,$7.23 ,,C,,,
1054,3,0,female,,0,0,365237,$7.75 ,,Q,,,
1055,3,0,male,,0,0,349234,$7.90 ,,S,,,
1056,3,1,male,12.0,1,0,2651,$11.24 ,,C,C,,
1057,3,1,female,14.0,1,0,2651,$11.24 ,,C,C,,
1058,3,0,female,29.0,0,0,3101297,$7.93 ,,S,,,
1059,3,0,male,28.0,0,0,363611,$8.05 ,,S,,,
1060,3,1,female,18.0,0,0,347066,$7.78 ,,S,D,,
1061,3,1,female,26.0,0,0,347470,$7.85 ,,S,13,,
1062,3,0,male,21.0,0,0,350410,$7.85 ,,S,,,
1063,3,0,male,41.0,0,0,SOTON/O2 3101272,$7.13 ,,S,,,"Finland Sudbury, ON"
1064,3,1,male,39.0,0,0,STON/O 2. 3101289,$7.93 ,,S,9,,
1065,3,0,male,21.0,0,0,A/4. 39886,$7.80 ,,S,,,
1066,3,0,male,28.5,0,0,2697,$7.23 ,,C,,181.0,
1067,3,1,female,22.0,0,0,347081,$7.75 ,,S,13,,
1068,3,0,male,61.0,0,0,345364,$6.24 ,,S,,,
1069,3,0,male,,1,0,370365,$15.50 ,,Q,,,
1070,3,0,male,,0,0,330979,$7.83 ,,Q,,,
1071,3,1,female,,1,0,370365,$15.50 ,,Q,,,
1072,3,0,male,,0,0,334912,$7.73 ,,Q,,,
1073,3,0,male,,0,0,371060,$7.75 ,,Q,,,
1074,3,0,male,,0,0,366713,$7.75 ,,Q,,,
1075,3,0,male,23.0,0,0,7267,$9.23 ,,S,,,
1076,3,0,female,,0,0,364856,$7.75 ,,Q,,,
1077,3,1,female,,0,0,14311,$7.75 ,,Q,D,,
1078,3,1,female,,0,0,330959,$7.88 ,,Q,,,
1079,3,1,female,22.0,0,0,347085,$7.78 ,,S,C,,
1080,3,1,male,,0,0,368402,$7.75 ,,Q,B,,
1081,3,1,female,,0,0,330919,$7.83 ,,Q,13,,
1082,3,1,male,9.0,0,1,C 17368,$3.17 ,,S,13,,
1083,3,0,male,28.0,0,0,C 4001,$22.53 ,,S,,173.0,
1084,3,0,male,42.0,0,1,4579,$8.40 ,,S,,,
1085,3,0,male,,0,0,Fa 265302,$7.31 ,,S,,,
1086,3,0,female,31.0,0,0,350407,$7.85 ,,S,,,
1087,3,0,male,28.0,0,0,347464,$7.85 ,,S,,,
1088,3,1,male,32.0,0,0,347079,$7.78 ,,S,A,,
1089,3,0,male,20.0,0,0,6563,$9.23 ,,S,,89.0,"Oslo, Norway Cameron, WI"
1090,3,0,female,23.0,0,0,315085,$8.66 ,,S,,,
1091,3,0,female,20.0,0,0,315096,$8.66 ,,S,,,
1092,3,0,male,20.0,0,0,315094,$8.66 ,,S,,,
1093,3,0,male,16.0,0,0,7534,$9.22 ,,S,,,
1094,3,1,female,31.0,0,0,349244,$8.68 ,,S,,,
1095,3,0,female,,0,0,330909,$7.63 ,,Q,,,
1096,3,0,male,2.0,3,1,349909,$21.08 ,,S,,4.0,
1097,3,0,male,6.0,3,1,349909,$21.08 ,,S,,,
1098,3,0,female,3.0,3,1,349909,$21.08 ,,S,,,
1099,3,0,female,8.0,3,1,349909,$21.08 ,,S,,,
1100,3,0,female,29.0,0,4,349909,$21.08 ,,S,,206.0,
1101,3,0,male,1.0,4,1,3101295,$39.69 ,,S,,,
1102,3,0,male,7.0,4,1,3101295,$39.69 ,,S,,,
1103,3,0,male,2.0,4,1,3101295,$39.69 ,,S,,,
1104,3,0,male,16.0,4,1,3101295,$39.69 ,,S,,,
1105,3,0,male,14.0,4,1,3101295,$39.69 ,,S,,,
1106,3,0,female,41.0,0,5,3101295,$39.69 ,,S,,,
1107,3,0,male,21.0,0,0,315097,$8.66 ,,S,,,
1108,3,0,male,19.0,0,0,358585,$14.50 ,,S,,,
1109,3,0,male,,0,0,3411,$8.71 ,,C,,,
1110,3,0,male,32.0,0,0,349242,$7.90 ,,S,,,
1111,3,0,male,0.75,1,1,SOTON/O.Q. 3101315,$13.78 ,,S,,,
1112,3,0,female,3.0,1,1,SOTON/O.Q. 3101315,$13.78 ,,S,,,
1113,3,0,female,26.0,0,2,SOTON/O.Q. 3101315,$13.78 ,,S,,,
1114,3,0,male,,0,0,343271,$7.00 ,,S,,,
1115,3,0,male,,0,0,345498,$7.78 ,,S,,,
1116,3,0,male,,0,0,A/5 2817,$8.05 ,,S,,,
1117,3,0,male,21.0,0,0,STON/O 2. 3101294,$7.93 ,,S,,,
1118,3,0,male,25.0,0,0,STON/O 2. 3101291,$7.93 ,,S,,,
1119,3,0,male,22.0,0,0,A/5 21174,$7.25 ,,S,,,
1120,3,1,male,25.0,1,0,347083,$7.78 ,,S,15,,
1121,3,1,male,,1,1,2668,$22.36 ,,C,C,,
1122,3,1,female,,1,1,2668,$22.36 ,F E69,C,D,,
1123,3,1,female,,0,2,2668,$22.36 ,,C,D,,
1124,3,0,female,,0,0,330935,$8.14 ,,Q,,,
1125,3,0,male,24.0,0,0,342441,$8.05 ,,S,,,
1126,3,0,female,28.0,0,0,349245,$7.90 ,,S,,,
1127,3,0,male,19.0,0,0,349212,$7.90 ,,S,,,
1128,3,0,male,,0,0,349215,$7.90 ,,S,,,
1129,3,0,male,25.0,1,0,347076,$7.78 ,,S,,,
1130,3,0,female,18.0,0,0,347087,$7.78 ,,S,,,
1131,3,1,male,32.0,0,0,SOTON/O.Q. 392078,$8.05 ,E10,S,9,,
1132,3,0,male,,0,0,349227,$7.90 ,,S,,,
1133,3,0,male,17.0,0,0,315095,$8.66 ,,S,,,
1134,3,0,male,24.0,0,0,315092,$8.66 ,,S,,,
1135,3,0,male,,0,0,349223,$7.90 ,,S,,,
1136,3,0,female,,0,0,65305,$8.11 ,,S,,,
1137,3,0,male,,0,0,2629,$7.23 ,,C,,,
1138,3,0,male,,0,0,362316,$7.25 ,,S,,,
1139,3,0,male,38.0,0,0,349249,$7.90 ,,S,,,
1140,3,0,male,21.0,0,0,342684,$8.05 ,,S,,,
1141,3,0,male,10.0,4,1,382652,$29.13 ,,Q,,,
1142,3,0,male,4.0,4,1,382652,$29.13 ,,Q,,,
1143,3,0,male,7.0,4,1,382652,$29.13 ,,Q,,,
1144,3,0,male,2.0,4,1,382652,$29.13 ,,Q,,,
1145,3,0,male,8.0,4,1,382652,$29.13 ,,Q,,,
1146,3,0,female,39.0,0,5,382652,$29.13 ,,Q,,327.0,
1147,3,0,female,22.0,0,0,3101295,$39.69 ,,S,,,
1148,3,0,male,35.0,0,0,STON/O 2. 3101273,$7.13 ,,S,,,
1149,3,1,female,,0,0,334915,$7.72 ,,Q,13,,
1150,3,0,male,,0,0,364498,$14.50 ,,S,,,
1151,3,0,female,,0,0,364498,$14.50 ,,S,,,
1152,3,0,male,50.0,1,0,A/5. 3337,$14.50 ,,S,,119.0,
1153,3,0,female,47.0,1,0,A/5. 3337,$14.50 ,,S,,7.0,
1154,3,0,male,,0,0,S.C./A.4. 23567,$8.05 ,,S,,,
1155,3,0,male,,0,0,312993,$7.78 ,,S,,,
1156,3,0,female,2.0,1,1,370129,$20.21 ,,S,,,
1157,3,0,male,18.0,1,1,370129,$20.21 ,,S,,,
1158,3,0,female,41.0,0,2,370129,$20.21 ,,S,,,
1159,3,1,female,,0,0,342712,$8.05 ,,S,C,,
1160,3,0,male,50.0,0,0,A/5 3594,$8.05 ,,S,,,
1161,3,0,male,16.0,0,0,A/4. 20589,$8.05 ,,S,,,
1162,3,1,male,,0,0,383162,$7.75 ,,Q,14,,
1163,3,0,male,,0,0,371110,$24.15 ,,Q,,,
1164,3,0,male,,0,0,2671,$7.23 ,,C,,,
1165,3,0,male,25.0,0,0,2672,$7.23 ,,C,,,
1166,3,0,male,,0,0,2676,$7.23 ,,C,,,
1167,3,0,male,,0,0,367655,$7.73 ,,Q,,,
1168,3,0,male,,0,0,LP 1588,$7.58 ,,S,,,
1169,3,0,male,38.5,0,0,SOTON/O.Q. 3101262,$7.25 ,,S,,32.0,
1170,3,0,male,,8,2,CA. 2343,$69.55 ,,S,,,
1171,3,0,male,14.5,8,2,CA. 2343,$69.55 ,,S,,67.0,
1172,3,0,female,,8,2,CA. 2343,$69.55 ,,S,,,
1173,3,0,female,,8,2,CA. 2343,$69.55 ,,S,,,
1174,3,0,female,,8,2,CA. 2343,$69.55 ,,S,,,
1175,3,0,female,,8,2,CA. 2343,$69.55 ,,S,,,
1176,3,0,male,,8,2,CA. 2343,$69.55 ,,S,,,
1177,3,0,male,,8,2,CA. 2343,$69.55 ,,S,,,
1178,3,0,male,,8,2,CA. 2343,$69.55 ,,S,,,
1179,3,0,male,,1,9,CA. 2343,$69.55 ,,S,,,
1180,3,0,female,,1,9,CA. 2343,$69.55 ,,S,,,
1181,3,0,male,24.0,0,0,7266,$9.33 ,,S,,,
1182,3,1,female,21.0,0,0,343120,$7.65 ,,S,C,,
1183,3,0,male,39.0,0,0,3101296,$7.93 ,,S,,,
1184,3,0,male,,2,0,2662,$21.68 ,,C,,,
1185,3,0,male,,2,0,2662,$21.68 ,,C,,,
1186,3,0,male,,2,0,2662,$21.68 ,,C,,,
1187,3,1,female,1.0,1,1,PP 9549,$16.70 ,G6,S,13,,
1188,3,1,female,24.0,0,2,PP 9549,$16.70 ,G6,S,13,,
1189,3,1,female,4.0,1,1,PP 9549,$16.70 ,G6,S,13,,
1190,3,1,male,25.0,0,0,345768,$9.50 ,,S,11,,
1191,3,0,male,20.0,0,0,A/5. 2151,$8.05 ,,S,,,
1192,3,0,male,24.5,0,0,342826,$8.05 ,,S,,284.0,
1193,3,0,male,,0,0,36209,$7.73 ,,Q,,,
1194,3,0,male,,0,0,349222,$7.90 ,,S,,,
1195,3,0,male,,0,0,370374,$7.75 ,,Q,,,
1196,3,1,male,29.0,0,0,345779,$9.50 ,,S,11,,
1197,3,0,male,,0,0,C.A. 6212,$15.10 ,,S,,,
1198,3,1,female,,0,0,330968,$7.78 ,,Q,,,
1199,3,0,male,,0,0,374910,$8.05 ,,S,,,
1200,3,0,male,,0,0,SOTON/OQ 392082,$8.05 ,,S,,,
1201,3,0,male,22.0,0,0,2669,$7.23 ,,C,,,
1202,3,0,male,,0,0,392092,$8.05 ,,S,,,
1203,3,0,male,40.0,0,0,349251,$7.90 ,,S,,,
1204,3,0,male,21.0,0,0,STON/O 2. 3101280,$7.93 ,,S,,,
1205,3,1,female,18.0,0,0,3101265,$7.50 ,,S,16,,
1206,3,0,male,4.0,3,2,347088,$27.90 ,,S,,,
1207,3,0,male,10.0,3,2,347088,$27.90 ,,S,,,
1208,3,0,female,9.0,3,2,347088,$27.90 ,,S,,,
1209,3,0,female,2.0,3,2,347088,$27.90 ,,S,,,
1210,3,0,male,40.0,1,4,347088,$27.90 ,,S,,,
1211,3,0,female,45.0,1,4,347088,$27.90 ,,S,,,
1212,3,0,male,,0,0,349214,$7.90 ,,S,,,
1213,3,0,male,,0,0,SOTON/OQ 392086,$8.05 ,,S,,,
1214,3,0,male,,0,0,315037,$8.66 ,,S,,,
1215,3,0,male,,0,0,384461,$7.75 ,,Q,,,
1216,3,1,female,,0,0,335432,$7.73 ,,Q,13,,
1217,3,0,male,19.0,0,0,348124,$7.65 ,F G73,S,,,
1218,3,0,male,30.0,0,0,A.5. 18509,$8.05 ,,S,,,
1219,3,0,male,,0,0,A.5. 3236,$8.05 ,,S,,,
1220,3,0,male,32.0,0,0,STON/OQ. 369943,$8.05 ,,S,,,
1221,3,0,male,,0,0,349208,$7.90 ,,S,,,
1222,3,0,male,33.0,0,0,349239,$8.66 ,,C,,,
1223,3,1,female,23.0,0,0,CA. 2314,$7.55 ,,S,C,,
1224,3,0,male,21.0,0,0,A/4 45380,$8.05 ,,S,,,
1225,3,0,male,60.5,0,0,3701,0,,S,,261.0,
1226,3,0,male,19.0,0,0,349205,$7.90 ,,S,,,
1227,3,0,female,22.0,0,0,7553,$9.84 ,,S,,,
1228,3,1,male,31.0,0,0,STON/O 2. 3101288,$7.93 ,,S,9,,
1229,3,0,male,27.0,0,0,315083,$8.66 ,,S,,,
1230,3,0,female,2.0,0,1,347054,$10.46 ,G6,S,,,
1231,3,0,female,29.0,1,1,347054,$10.46 ,G6,S,,,
1232,3,1,male,16.0,0,0,SOTON/OQ 392089,$8.05 ,,S,B,,
1233,3,1,male,44.0,0,0,STON/O 2. 3101269,$7.93 ,,S,15,,
1234,3,0,male,25.0,0,0,SOTON/OQ 392076,$7.05 ,,S,,,
1235,3,0,male,74.0,0,0,347060,$7.78 ,,S,,,
1236,3,1,male,14.0,0,0,7538,$9.23 ,,S,13,,
1237,3,0,male,24.0,0,0,350035,$7.80 ,,S,,,
1238,3,1,male,25.0,0,0,350033,$7.80 ,,S,13 15,,
1239,3,0,male,34.0,0,0,363294,$8.05 ,,S,,176.0,
1240,3,1,male,0.4167,0,1,2625,$8.52 ,,C,16,,
1241,3,0,male,,1,0,2621,$6.44 ,,C,,,
1242,3,0,male,,0,0,2681,$6.44 ,,C,,,
1243,3,0,male,,0,0,2684,$7.23 ,,C,,,
1244,3,1,female,16.0,1,1,2625,$8.52 ,,C,14,,
1245,3,0,male,,0,0,32302,$8.05 ,,S,,,
1246,3,0,male,,1,0,376564,$16.10 ,,S,,,
1247,3,1,female,,1,0,376564,$16.10 ,,S,10,,
1248,3,0,male,32.0,0,0,STON/O 2. 3101293,$7.93 ,,S,,,
1249,3,0,male,,0,0,383121,$7.75 ,F38,Q,,,
1250,3,0,male,,0,0,349216,$7.90 ,,S,,,
1251,3,0,male,30.5,0,0,364499,$8.05 ,,S,,50.0,
1252,3,0,male,44.0,0,0,364511,$8.05 ,,S,,,
1253,3,0,male,,0,0,2673,$7.23 ,,C,,,
1254,3,1,male,25.0,0,0,LINE,$0.00 ,,S,15,,
1255,3,0,male,,0,0,2641,$7.23 ,,C,,,
1256,3,1,male,7.0,1,1,2650,$15.25 ,,C,C,,
1257,3,1,female,9.0,1,1,2650,$15.25 ,,C,C,,
1258,3,1,female,29.0,0,2,2650,$15.25 ,,C,C,,
1259,3,0,male,36.0,0,0,349247,$7.90 ,,S,,,
1260,3,1,female,18.0,0,0,4138,$9.84 ,,S,15,,
1261,3,1,female,63.0,0,0,4134,$9.59 ,,S,15,,
1262,3,0,male,,1,1,A/5. 851,$14.50 ,,S,,,
1263,3,0,male,11.5,1,1,A/5. 851,$14.50 ,,S,,1.0,
1264,3,0,male,40.5,0,2,A/5. 851,$14.50 ,,S,,255.0,
1265,3,0,female,10.0,0,2,345773,$24.15 ,,S,,,
1266,3,0,male,36.0,1,1,345773,$24.15 ,,S,,,
1267,3,0,female,30.0,1,1,345773,$24.15 ,,S,,,
1268,3,0,male,,0,0,345777,$9.50 ,,S,,,
1269,3,0,male,33.0,0,0,345780,$9.50 ,,S,,,
1270,3,0,male,28.0,0,0,345770,$9.50 ,,S,,,
1271,3,0,male,28.0,0,0,345783,$9.50 ,,S,,,
1272,3,0,male,47.0,0,0,345765,$9.00 ,,S,,,
1273,3,0,female,18.0,2,0,345764,$18.00 ,,S,,,
1274,3,0,male,31.0,3,0,345763,$18.00 ,,S,,,
1275,3,0,male,16.0,2,0,345764,$18.00 ,,S,,,
1276,3,0,female,31.0,1,0,345763,$18.00 ,,S,,,
1277,3,1,male,22.0,0,0,2658,$7.23 ,,C,13 15,,
1278,3,0,male,20.0,0,0,350416,$7.85 ,,S,,,
1279,3,0,female,14.0,0,0,350406,$7.85 ,,S,,,
1280,3,0,male,22.0,0,0,349252,$7.90 ,,S,,,
1281,3,0,male,22.0,0,0,345767,$9.00 ,,S,,,"Antwerp, Belgium / Stanton, OH"
1282,3,0,male,,0,0,359309,$8.05 ,,S,,,
1283,3,0,male,,0,0,C.A. 49867,$7.55 ,,S,,,
1284,3,0,male,,0,0,SOTON/OQ 3101316,$8.05 ,,S,,,
1285,3,0,male,32.5,0,0,345775,$9.50 ,,S,,298.0,
1286,3,1,female,38.0,0,0,2688,$7.23 ,,C,C,,
1287,3,0,male,51.0,0,0,347064,$7.75 ,,S,,,
1288,3,0,male,18.0,1,0,3101267,$6.50 ,,S,,314.0,
1289,3,0,male,21.0,1,0,3101266,$6.50 ,,S,,,
1290,3,1,female,47.0,1,0,363272,$7.00 ,,S,,,
1291,3,0,male,,0,0,3410,$8.71 ,,S,,,
1292,3,0,male,,0,0,S.O./P.P. 751,$7.55 ,,S,,,
1293,3,0,male,,0,0,A/5 2466,$8.05 ,,S,,,
1294,3,0,male,28.5,0,0,54636,$16.10 ,,S,,14.0,
1295,3,0,male,21.0,0,0,SOTON/OQ 3101317,$7.25 ,,S,,,
1296,3,0,male,27.0,0,0,315154,$8.66 ,,S,,131.0,
1297,3,0,male,,0,0,A/4. 34244,$7.25 ,,S,,,
1298,3,0,male,36.0,0,0,345771,$9.50 ,,S,,,
1299,3,0,male,27.0,1,0,2659,$14.45 ,,C,C,,
1300,3,1,female,15.0,1,0,2659,$14.45 ,,C,,,
1301,3,0,male,45.5,0,0,2628,$7.23 ,,C,,312.0,
1302,3,0,male,,0,0,2647,$7.23 ,,C,,,
1303,3,0,male,,0,0,2627,$14.46 ,,C,,,
1304,3,0,female,14.5,1,0,2665,$14.45 ,,C,,328.0,
1305,3,0,female,,1,0,2665,$14.45 ,,C,,,
1306,3,0,male,26.5,0,0,2656,$7.23 ,,C,,304.0,
1307,3,0,male,27.0,0,0,2670,$7.23 ,,C,,,
1308,3,0,male,29.0,0,0,315082,$7.88 ,,S,,,
